date,crude_imp_price,crude_exp_price,east_price,midwest_price,gulf_price,rocky_price,west_price,wti_price
1993-04-09,8956,986,1.04,1.061,1.064,1.093,1.152,8956
1993-04-16,7976,986,1.047,1.077,1.071,1.118,1.154,7976
1993-04-23,8715,986,1.054,1.067,1.081,1.12,1.155,8715
1993-04-30,9418,981,1.059,1.078,1.081,1.169,1.157,9418
1993-05-07,8048,962,1.062,1.073,1.084,1.161,1.161,8048
1993-05-14,9061,962,1.069,1.091,1.088,1.143,1.171,9061
1993-05-21,7904,962,1.073,1.107,1.097,1.136,1.177,7904
1993-05-28,8683,962,1.075,1.103,1.096,1.17,1.178,8683
1993-06-04,7667,1004,1.078,1.102,1.096,1.164,1.186,7667
1993-06-11,8657,1004,1.078,1.095,1.095,1.149,1.188,8657
1993-06-18,9440,1004,1.076,1.092,1.094,1.137,1.188,9440
1993-06-25,8342,1002,1.075,1.077,1.09,1.132,1.186,8342
1993-07-02,7907,954,1.072,1.068,1.087,1.12,1.182,7907
1993-07-09,8268,954,1.068,1.063,1.089,1.111,1.181,8268
1993-07-16,9559,850,1.066,1.054,1.083,1.134,1.177,9559
1993-07-23,7201,856,1.062,1.045,1.08,1.124,1.172,7201
1993-07-30,8024,842,1.059,1.036,1.075,1.114,1.168,8024
1993-08-06,9073,845,1.054,1.028,1.07,1.103,1.158,9073
1993-08-13,8100,845,1.051,1.026,1.067,1.092,1.159,8100
1993-08-20,7483,845,1.047,1.025,1.064,1.134,1.154,7483
1993-08-27,9635,816,1.045,1.043,1.067,1.129,1.155,9635
1993-09-03,7863,866,1.041,1.04,1.062,1.121,1.155,7863
1993-09-10,8034,866,1.037,1.029,1.06,1.108,1.154,8034
1993-09-17,7871,885,1.034,1.02,1.054,1.108,1.154,7871
1993-09-24,8131,885,1.028,1.009,1.05,1.093,1.165,8131
1993-10-01,8139,914,1.024,1.016,1.042,1.132,1.171,8139
1993-10-08,8135,858,1.068,1.063,1.086,1.155,1.22,8135
1993-10-15,9346,858,1.064,1.065,1.081,1.144,1.215,9346
1993-10-22,8525,848,1.063,1.078,1.078,1.149,1.209,8525
1993-10-29,9346,848,1.061,1.074,1.073,1.202,1.202,9346
1993-11-05,7713,860,1.057,1.062,1.069,1.186,1.198,7713
1993-11-12,9359,860,1.053,1.051,1.062,1.169,1.186,9359
1993-11-19,8553,860,1.048,1.034,1.052,1.158,1.176,8553
1993-11-26,6960,865,1.043,1.026,1.044,1.171,1.167,6960
1993-12-03,9710,876,1.038,1.017,1.04,1.158,1.158,9710
1993-12-10,9202,876,1.028,0.994,1.03,1.154,1.147,9202
1993-12-17,8333,876,1.015,0.969,1.014,1.135,1.134,8333
1993-12-24,7131,864,1.004,0.948,1.001,1.115,1.122,7131
1993-12-31,7985,864,0.997,0.949,0.993,1.098,1.12,7985
1994-01-07,8058,866,0.992,0.939,0.989,1.085,1.117,8058
1994-01-14,7927,866,0.989,0.956,0.984,1.065,1.111,7927
1994-01-21,6910,866,0.987,0.974,0.982,1.092,1.105,6910
1994-01-28,7769,893,0.985,0.972,0.981,1.075,1.104,7769
1994-02-04,8910,871,0.984,0.989,0.983,1.063,1.104,8910
1994-02-11,7993,871,0.989,0.989,0.986,1.056,1.105,7993
1994-02-18,8733,871,0.996,1.001,0.992,1.097,1.106,8733
1994-02-25,7931,924,0.997,0.984,0.985,1.073,1.11,7931
1994-03-04,7851,872,0.996,0.975,0.981,1.062,1.112,7851
1994-03-11,8110,872,0.994,0.988,0.978,1.042,1.108,8110
1994-03-18,9690,872,0.993,0.981,0.976,1.089,1.109,9690
1994-03-25,7455,872,0.992,0.984,0.981,1.064,1.115,7455
1994-04-01,8638,848,0.996,0.992,0.995,1.036,1.114,8638
1994-04-08,8769,871,0.996,0.989,0.999,1.027,1.115,8769
1994-04-15,8305,871,1.004,1.019,1.01,1.081,1.117,8305
1994-04-22,9717,871,1.008,1.025,1.015,1.059,1.128,9717
1994-04-29,8488,880,1.013,1.029,1.021,1.039,1.133,8488
1994-05-06,9665,886,1.017,1.029,1.024,1.039,1.14,9665
1994-05-13,9044,886,1.018,1.036,1.024,1.104,1.142,9044
1994-05-20,8479,886,1.021,1.034,1.025,1.091,1.146,8479
1994-05-27,8760,914,1.023,1.045,1.023,1.069,1.15,8760
1994-06-03,8726,886,1.028,1.053,1.028,1.076,1.152,8726
1994-06-10,9218,886,1.036,1.059,1.037,1.135,1.163,9218
1994-06-17,10286,886,1.044,1.067,1.049,1.126,1.166,10286
1994-06-24,9689,886,1.05,1.075,1.051,1.128,1.17,9689
1994-07-01,8561,875,1.062,1.097,1.067,1.156,1.179,8561
1994-07-08,9763,854,1.068,1.095,1.072,1.142,1.184,9763
1994-07-15,9931,854,1.07,1.099,1.072,1.194,1.195,9931
1994-07-22,9605,854,1.074,1.109,1.079,1.179,1.199,9605
1994-07-29,9773,863,1.079,1.119,1.081,1.163,1.205,9773
1994-08-05,8411,895,1.089,1.14,1.096,1.215,1.215,8411
1994-08-12,9903,895,1.113,1.175,1.126,1.235,1.223,9903
1994-08-19,10027,895,1.124,1.172,1.132,1.234,1.225,10027
1994-08-26,8670,896,1.127,1.179,1.134,1.23,1.227,8670
1994-09-02,10585,905,1.126,1.164,1.134,1.293,1.227,10585
1994-09-09,8851,905,1.122,1.158,1.131,1.282,1.227,8851
1994-09-16,9840,905,1.121,1.145,1.129,1.266,1.226,9840
1994-09-23,8284,905,1.116,1.128,1.123,1.249,1.225,8284
1994-09-30,9786,913,1.111,1.11,1.114,1.23,1.222,9786
1994-10-07,8737,895,1.105,1.092,1.109,1.205,1.231,8737
1994-10-14,8671,895,1.1,1.087,1.103,1.178,1.231,8671
1994-10-21,8270,895,1.098,1.073,1.096,1.16,1.229,8270
1994-10-28,8272,927,1.098,1.072,1.093,1.213,1.227,8272
1994-11-04,8206,910,1.112,1.094,1.105,1.189,1.228,8206
1994-11-11,9459,910,1.122,1.092,1.111,1.174,1.228,9459
1994-11-18,9307,910,1.121,1.087,1.105,1.209,1.233,9307
1994-11-25,8720,910,1.116,1.072,1.1,1.186,1.229,8720
1994-12-02,7665,923,1.129,1.064,1.116,1.163,1.238,7665
1994-12-09,9015,923,1.147,1.061,1.135,1.184,1.249,9015
1994-12-16,8318,923,1.158,1.054,1.147,1.191,1.257,8318
1994-12-23,8219,923,1.169,1.053,1.159,1.175,1.26,8219
1994-12-30,8713,938,1.163,1.041,1.146,1.153,1.261,8713
1995-01-06,8559,924,1.156,1.045,1.146,1.176,1.268,8559
1995-01-13,8096,924,1.155,1.066,1.146,1.159,1.268,8096
1995-01-20,7860,924,1.15,1.051,1.143,1.136,1.264,7860
1995-01-27,7722,961,1.15,1.071,1.138,1.167,1.258,7722
1995-02-03,6841,907,1.148,1.072,1.142,1.145,1.253,6841
1995-02-10,9579,907,1.145,1.062,1.139,1.126,1.248,9579
1995-02-17,8054,907,1.141,1.058,1.133,1.152,1.245,8054
1995-02-24,7703,907,1.138,1.049,1.129,1.133,1.243,7703
1995-03-03,7443,995,1.137,1.068,1.132,1.117,1.24,7443
1995-03-10,9716,995,1.137,1.068,1.133,1.156,1.237,9716
1995-03-17,8161,995,1.133,1.057,1.129,1.136,1.23,8161
1995-03-24,7509,995,1.129,1.064,1.12,1.12,1.229,7509
1995-03-31,9322,985,1.128,1.08,1.121,1.166,1.223,9322
1995-04-07,8226,958,1.132,1.104,1.132,1.152,1.226,8226
1995-04-14,7142,958,1.143,1.122,1.149,1.186,1.241,7142
1995-04-21,9790,958,1.16,1.137,1.168,1.179,1.245,9790
1995-04-28,9335,1004,1.187,1.16,1.192,1.161,1.258,9335
1995-05-05,6796,967,1.2,1.158,1.208,1.203,1.269,6796
1995-05-12,9152,967,1.224,1.191,1.221,1.183,1.28,9152
1995-05-19,9249,967,1.234,1.197,1.231,1.227,1.287,9249
1995-05-26,8556,932,1.252,1.224,1.247,1.214,1.292,8556
1995-06-02,8931,932,1.262,1.217,1.254,1.218,1.295,8931
1995-06-09,8250,932,1.264,1.217,1.253,1.208,1.295,8250
1995-06-16,10976,932,1.263,1.21,1.249,1.226,1.292,10976
1995-06-23,8129,932,1.26,1.197,1.246,1.213,1.291,8129
1995-06-30,9476,927,1.256,1.185,1.243,1.207,1.286,9476
1995-07-07,7739,898,1.249,1.174,1.235,1.219,1.285,7739
1995-07-14,9728,898,1.244,1.157,1.227,1.198,1.281,9728
1995-07-21,8301,898,1.238,1.142,1.214,1.186,1.273,8301
1995-07-28,9351,900,1.229,1.129,1.202,1.207,1.268,9351
1995-08-04,9068,831,1.218,1.114,1.19,1.19,1.259,9068
1995-08-11,9654,831,1.213,1.116,1.179,1.171,1.253,9654
1995-08-18,9452,831,1.205,1.117,1.174,1.2,1.248,9452
1995-08-25,8809,831,1.201,1.122,1.168,1.191,1.245,8809
1995-09-01,8556,784,1.197,1.11,1.162,1.174,1.244,8556
1995-09-08,10135,843,1.188,1.112,1.154,1.168,1.243,10135
1995-09-15,9448,843,1.185,1.109,1.149,1.205,1.236,9448
1995-09-22,8586,843,1.18,1.112,1.145,1.201,1.235,8586
1995-09-29,9221,877,1.178,1.114,1.143,1.192,1.233,9221
1995-10-06,7433,828,1.172,1.106,1.132,1.218,1.241,7433
1995-10-13,9249,828,1.167,1.092,1.131,1.197,1.242,9249
1995-10-20,9081,828,1.159,1.076,1.124,1.169,1.243,9081
1995-10-27,8249,723,1.149,1.066,1.117,1.155,1.242,8249
1995-11-03,7768,835,1.14,1.049,1.108,1.193,1.237,7768
1995-11-10,9401,835,1.131,1.056,1.099,1.173,1.232,9401
1995-11-17,10074,835,1.125,1.059,1.096,1.156,1.23,10074
1995-11-24,9126,835,1.118,1.056,1.092,1.2,1.224,9126
1995-12-01,8403,849,1.117,1.061,1.092,1.186,1.22,8403
1995-12-08,9940,850,1.118,1.068,1.093,1.165,1.217,9940
1995-12-15,8539,850,1.118,1.066,1.099,1.184,1.217,8539
1995-12-22,7844,850,1.122,1.103,1.1,1.165,1.219,7844
1995-12-29,8431,850,1.126,1.103,1.109,1.164,1.223,8431
1996-01-05,8233,934,1.132,1.104,1.11,1.15,1.222,8233
1996-01-12,9456,954,1.135,1.124,1.116,1.169,1.222,9456
1996-01-19,9217,954,1.146,1.122,1.134,1.159,1.227,9217
1996-01-26,8861,954,1.145,1.107,1.132,1.132,1.229,8861
1996-02-02,8888,954,1.141,1.094,1.129,1.169,1.224,8888
1996-02-09,8350,925,1.139,1.094,1.122,1.153,1.221,8350
1996-02-16,9069,925,1.135,1.092,1.12,1.123,1.224,9069
1996-02-23,7065,925,1.134,1.103,1.12,1.181,1.229,7065
1996-03-01,8208,925,1.144,1.144,1.132,1.159,1.237,8208
1996-03-08,8424,925,1.158,1.16,1.155,1.203,1.246,8424
1996-03-15,8705,925,1.163,1.151,1.162,1.185,1.267,8705
1996-03-22,8612,925,1.169,1.167,1.173,1.162,1.282,8612
1996-03-29,9445,925,1.192,1.202,1.198,1.22,1.297,9445
1996-04-05,9141,977,1.211,1.209,1.214,1.214,1.319,9141
1996-04-12,9691,977,1.232,1.232,1.241,1.268,1.351,9691
1996-04-19,8869,977,1.276,1.268,1.282,1.274,1.394,8869
1996-04-26,9568,977,1.292,1.258,1.302,1.279,1.476,9568
1996-05-03,8776,943,1.302,1.27,1.306,1.354,1.525,8776
1996-05-10,10824,943,1.312,1.26,1.308,1.359,1.541,10824
1996-05-17,9171,943,1.315,1.266,1.308,1.341,1.544,9171
1996-05-24,8779,916,1.316,1.284,1.306,1.376,1.54,8779
1996-05-31,9805,916,1.313,1.267,1.297,1.362,1.535,9805
1996-06-07,9343,1132,1.311,1.256,1.296,1.333,1.53,9343
1996-06-14,10202,946,1.304,1.251,1.291,1.309,1.521,10202
1996-06-21,9648,946,1.294,1.247,1.284,1.347,1.51,9648
1996-06-28,9968,926,1.287,1.233,1.267,1.319,1.5,9968
1996-07-05,9313,919,1.278,1.218,1.258,1.323,1.488,9313
1996-07-12,9380,919,1.273,1.222,1.253,1.309,1.481,9380
1996-07-19,9411,919,1.269,1.225,1.247,1.28,1.473,9411
1996-07-26,9289,924,1.265,1.228,1.243,1.315,1.463,9289
1996-08-02,10306,1084,1.261,1.213,1.242,1.295,1.451,10306
1996-08-09,9349,898,1.254,1.198,1.235,1.284,1.437,9349
1996-08-16,10415,895,1.249,1.192,1.229,1.323,1.424,10415
1996-08-23,9933,895,1.245,1.208,1.225,1.298,1.409,9933
1996-08-30,9275,875,1.242,1.218,1.22,1.324,1.414,9275
1996-09-06,9262,996,1.238,1.204,1.217,1.309,1.383,9262
1996-09-13,8960,882,1.24,1.221,1.22,1.293,1.372,8960
1996-09-20,9280,882,1.241,1.224,1.224,1.328,1.372,9280
1996-09-27,8191,993,1.24,1.226,1.228,1.308,1.369,8191
1996-10-04,9960,917,1.239,1.218,1.226,1.293,1.359,9960
1996-10-11,9284,913,1.236,1.205,1.22,1.321,1.35,9284
1996-10-18,10564,913,1.243,1.228,1.224,1.304,1.34,10564
1996-10-25,10292,1212,1.25,1.227,1.233,1.293,1.329,10292
1996-11-01,9112,937,1.257,1.252,1.231,1.321,1.313,9112
1996-11-08,10221,1057,1.27,1.264,1.244,1.31,1.3,10221
1996-11-15,8635,1129,1.273,1.274,1.252,1.305,1.281,8635
1996-11-22,8652,1057,1.287,1.284,1.262,1.338,1.274,8652
1996-11-29,7798,943,1.294,1.296,1.27,1.32,1.268,7798
1996-12-06,10349,1016,1.299,1.292,1.268,1.305,1.265,10349
1996-12-13,9710,1204,1.304,1.288,1.27,1.287,1.261,9710
1996-12-20,8536,1132,1.305,1.271,1.268,1.324,1.262,8536
1996-12-27,9762,1018,1.305,1.26,1.267,1.305,1.265,9762
1997-01-03,7944,983,1.303,1.253,1.265,1.286,1.27,7944
1997-01-10,9567,1169,1.303,1.245,1.264,1.277,1.282,9567
1997-01-17,9316,1097,1.308,1.275,1.263,1.304,1.302,9316
1997-01-24,10510,1283,1.307,1.273,1.264,1.292,1.316,10510
1997-01-31,8665,979,1.303,1.265,1.259,1.304,1.321,8665
1997-02-07,10278,1083,1.302,1.26,1.26,1.284,1.333,10278
1997-02-14,9121,947,1.3,1.246,1.264,1.304,1.345,9121
1997-02-21,8911,943,1.295,1.232,1.266,1.291,1.347,8911
1997-02-28,9585,928,1.289,1.232,1.256,1.283,1.353,9585
1997-03-07,9816,984,1.282,1.216,1.248,1.304,1.352,9816
1997-03-14,9717,984,1.276,1.202,1.242,1.286,1.362,9717
1997-03-21,9136,983,1.267,1.188,1.236,1.302,1.367,9136
1997-03-28,9467,992,1.263,1.203,1.236,1.276,1.373,9467
1997-04-04,10227,952,1.261,1.193,1.235,1.258,1.391,10227
1997-04-11,10054,952,1.258,1.19,1.234,1.309,1.407,10054
1997-04-18,10461,952,1.253,1.185,1.228,1.299,1.413,10461
1997-04-25,9853,951,1.245,1.194,1.223,1.318,1.412,9853
1997-05-02,9927,946,1.239,1.194,1.218,1.29,1.407,9927
1997-05-09,9711,946,1.238,1.195,1.215,1.266,1.4,9711
1997-05-16,9697,946,1.234,1.199,1.208,1.317,1.396,9697
1997-05-23,10444,946,1.237,1.228,1.208,1.298,1.386,10444
1997-05-30,10258,940,1.239,1.247,1.221,1.276,1.378,10258
1997-06-06,10811,881,1.241,1.25,1.22,1.324,1.372,10811
1997-06-13,11451,881,1.238,1.24,1.219,1.299,1.362,11451
1997-06-20,9134,881,1.234,1.225,1.215,1.273,1.355,9134
1997-06-27,9822,881,1.229,1.211,1.204,1.251,1.344,9822
1997-07-04,10952,881,1.222,1.198,1.201,1.307,1.328,10952
1997-07-11,9013,881,1.218,1.198,1.198,1.295,1.321,9013
1997-07-18,10493,881,1.215,1.192,1.191,1.319,1.315,10493
1997-07-25,10006,881,1.213,1.209,1.192,1.296,1.307,10006
1997-08-01,9672,890,1.213,1.196,1.193,1.273,1.298,9672
1997-08-08,10132,884,1.231,1.228,1.202,1.297,1.313,10132
1997-08-15,10686,884,1.26,1.273,1.232,1.3,1.35,10686
1997-08-22,10205,884,1.268,1.26,1.233,1.327,1.377,10205
1997-08-29,9745,884,1.286,1.271,1.241,1.326,1.407,9745
1997-09-05,9189,986,1.289,1.262,1.241,1.31,1.426,9189
1997-09-12,11035,986,1.291,1.252,1.238,1.35,1.444,11035
1997-09-19,10322,986,1.286,1.236,1.237,1.327,1.458,10322
1997-09-26,10782,969,1.278,1.215,1.233,1.304,1.458,10782
1997-10-03,11416,967,1.267,1.193,1.223,1.29,1.454,11416
1997-10-10,9989,967,1.259,1.201,1.218,1.287,1.453,9989
1997-10-17,9704,967,1.254,1.186,1.213,1.335,1.443,9704
1997-10-24,9277,967,1.247,1.173,1.209,1.317,1.438,9277
1997-10-31,9937,975,1.239,1.161,1.197,1.303,1.431,9937
1997-11-07,9051,964,1.231,1.157,1.189,1.286,1.421,9051
1997-11-14,10927,964,1.225,1.167,1.184,1.331,1.411,10927
1997-11-21,9170,964,1.217,1.155,1.181,1.316,1.401,9170
1997-11-28,9815,964,1.209,1.156,1.174,1.285,1.39,9815
1997-12-05,10024,980,1.203,1.14,1.172,1.265,1.381,10024
1997-12-12,8430,980,1.194,1.121,1.164,1.309,1.367,8430
1997-12-19,9916,980,1.184,1.108,1.155,1.312,1.357,9916
1997-12-26,8705,980,1.175,1.099,1.143,1.29,1.347,8705
1998-01-02,8749,980,1.168,1.086,1.14,1.267,1.34,8749
1998-01-09,10210,904,1.163,1.072,1.135,1.245,1.333,10210
1998-01-16,10666,904,1.153,1.071,1.128,1.223,1.318,10666
1998-01-23,9860,904,1.141,1.057,1.118,1.248,1.296,9860
1998-01-30,9407,904,1.129,1.033,1.112,1.222,1.28,9407
1998-02-06,9964,952,1.119,1.048,1.094,1.191,1.26,9964
1998-02-13,9884,952,1.112,1.048,1.092,1.143,1.236,9884
1998-02-20,8567,952,1.1,1.035,1.08,1.096,1.214,8567
1998-02-27,8506,952,1.093,1.062,1.069,1.14,1.19,8506
1998-03-06,9703,952,1.085,1.044,1.064,1.096,1.157,9703
1998-03-13,9670,952,1.076,1.036,1.061,1.075,1.131,9670
1998-03-20,9768,952,1.062,1.03,1.049,1.058,1.126,9768
1998-03-27,10893,952,1.052,1.026,1.038,1.034,1.12,10893
1998-04-03,10238,955,1.072,1.069,1.056,1.087,1.141,10238
1998-04-10,10093,956,1.075,1.057,1.061,1.077,1.146,10093
1998-04-17,12217,956,1.074,1.045,1.058,1.098,1.165,12217
1998-04-24,9642,956,1.071,1.058,1.052,1.105,1.164,9642
1998-05-01,10046,940,1.076,1.078,1.058,1.101,1.179,10046
1998-05-08,10641,937,1.077,1.085,1.057,1.111,1.228,10641
1998-05-15,10537,937,1.086,1.103,1.065,1.147,1.244,10537
1998-05-22,9645,937,1.074,1.11,1.045,1.172,1.248,9645
1998-05-29,10670,937,1.076,1.105,1.042,1.167,1.251,10670
1998-06-05,12066,936,1.075,1.096,1.043,1.16,1.244,12066
1998-06-12,10746,936,1.076,1.119,1.042,1.213,1.235,10746
1998-06-19,10012,936,1.071,1.099,1.046,1.2,1.233,10012
1998-06-26,12063,936,1.069,1.085,1.041,1.194,1.227,12063
1998-07-03,9508,963,1.068,1.09,1.036,1.172,1.223,9508
1998-07-10,10781,963,1.064,1.1,1.035,1.163,1.219,10781
1998-07-17,11111,960,1.066,1.087,1.033,1.164,1.216,11111
1998-07-24,10844,960,1.063,1.102,1.036,1.166,1.214,10844
1998-07-31,11094,955,1.058,1.086,1.03,1.163,1.211,11094
1998-08-07,10690,966,1.052,1.068,1.022,1.152,1.203,10690
1998-08-14,12191,965,1.048,1.06,1.017,1.146,1.199,12191
1998-08-21,10664,965,1.042,1.048,1.012,1.166,1.196,10664
1998-08-28,11234,966,1.038,1.035,1.01,1.161,1.192,11234
1998-09-04,10054,982,1.034,1.032,0.999,1.151,1.184,10054
1998-09-11,10455,982,1.028,1.027,0.989,1.136,1.179,10455
1998-09-18,9405,982,1.024,1.02,0.989,1.152,1.171,9405
1998-09-25,10900,982,1.023,1.047,0.989,1.149,1.189,10900
1998-10-02,10169,1010,1.029,1.041,0.995,1.135,1.187,10169
1998-10-09,10704,1010,1.034,1.05,1.003,1.13,1.182,10704
1998-10-16,9944,1010,1.046,1.045,1.015,1.148,1.178,9944
1998-10-23,9982,1010,1.044,1.038,1.014,1.138,1.174,9982
1998-10-30,10363,1010,1.041,1.032,1.007,1.136,1.175,10363
1998-11-06,10455,985,1.04,1.025,1.002,1.128,1.172,10455
1998-11-13,9818,985,1.038,1.026,0.998,1.12,1.169,9818
1998-11-20,11034,985,1.031,1.0,0.991,1.141,1.169,11034
1998-11-27,9668,985,1.022,0.991,0.981,1.125,1.179,9668
1998-12-04,10889,1022,1.013,0.965,0.971,1.107,1.175,10889
1998-12-11,11051,1022,0.998,0.935,0.96,1.079,1.166,11051
1998-12-18,10939,1022,0.987,0.932,0.948,1.042,1.159,10939
1998-12-25,10699,1022,0.982,0.939,0.944,1.012,1.157,10699
1999-01-01,9434,1022,0.976,0.93,0.94,0.999,1.154,9434
1999-01-08,9825,987,0.974,0.927,0.939,0.994,1.151,9825
1999-01-15,10763,987,0.971,0.946,0.94,0.993,1.146,10763
1999-01-22,10287,987,0.972,0.952,0.945,1.004,1.141,10287
1999-01-29,10189,987,0.968,0.941,0.939,0.998,1.136,10189
1999-02-05,10388,929,0.96,0.933,0.934,1.002,1.127,10388
1999-02-12,10479,929,0.956,0.933,0.935,0.995,1.12,10479
1999-02-19,10449,929,0.948,0.919,0.932,0.999,1.116,10449
1999-02-26,10901,929,0.943,0.892,0.926,1.001,1.12,10901
1999-03-05,10652,953,0.938,0.914,0.921,1.001,1.124,10652
1999-03-12,10680,953,0.939,0.923,0.92,1.006,1.162,10680
1999-03-19,9367,953,0.978,1.009,0.956,1.049,1.193,9367
1999-03-26,10900,953,1.012,1.057,0.992,1.077,1.231,10900
1999-04-02,10450,953,1.047,1.109,1.039,1.159,1.411,10450
1999-04-09,10560,986,1.078,1.122,1.068,1.206,1.531,10560
1999-04-16,10787,986,1.1,1.139,1.081,1.23,1.575,10787
1999-04-23,10593,986,1.105,1.124,1.087,1.237,1.557,10593
1999-04-30,10131,986,1.11,1.115,1.094,1.237,1.537,10131
1999-05-07,10744,986,1.118,1.128,1.094,1.242,1.515,10744
1999-05-14,10921,954,1.128,1.136,1.098,1.264,1.491,10921
1999-05-21,10591,954,1.127,1.145,1.1,1.261,1.469,10591
1999-05-28,11414,954,1.125,1.122,1.101,1.258,1.426,11414
1999-06-04,9927,959,1.119,1.102,1.102,1.246,1.387,9927
1999-06-11,10412,959,1.115,1.118,1.098,1.239,1.365,10412
1999-06-18,11280,959,1.113,1.114,1.096,1.235,1.359,11280
1999-06-25,10341,959,1.117,1.145,1.097,1.238,1.373,10341
1999-07-02,11219,965,1.117,1.119,1.09,1.246,1.372,11219
1999-07-09,10075,965,1.129,1.139,1.101,1.248,1.366,10075
1999-07-16,10919,965,1.148,1.149,1.118,1.246,1.402,10919
1999-07-23,11547,965,1.168,1.171,1.14,1.274,1.461,11547
1999-07-30,11364,965,1.182,1.207,1.156,1.313,1.48,11364
1999-08-06,10396,984,1.192,1.196,1.162,1.324,1.495,10396
1999-08-13,10432,984,1.208,1.192,1.177,1.354,1.52,10432
1999-08-20,10838,984,1.225,1.25,1.194,1.377,1.522,10838
1999-08-27,11219,984,1.234,1.234,1.202,1.399,1.514,11219
1999-09-03,10162,984,1.238,1.229,1.21,1.401,1.502,10162
1999-09-10,10000,965,1.242,1.259,1.212,1.404,1.478,10000
1999-09-17,10819,965,1.26,1.264,1.224,1.406,1.467,10819
1999-09-24,10514,965,1.276,1.3,1.241,1.407,1.447,10514
1999-10-01,10860,965,1.281,1.284,1.252,1.402,1.424,10860
1999-10-08,9925,940,1.287,1.265,1.253,1.398,1.415,9925
1999-10-15,11081,940,1.289,1.246,1.25,1.392,1.421,11081
1999-10-22,10008,940,1.283,1.218,1.247,1.391,1.415,10008
1999-10-29,10742,940,1.279,1.232,1.24,1.38,1.402,10742
1999-11-05,9913,940,1.276,1.227,1.235,1.369,1.387,9913
1999-11-12,10297,926,1.271,1.244,1.231,1.36,1.378,10297
1999-11-19,9777,926,1.279,1.282,1.241,1.359,1.386,9777
1999-11-26,9412,926,1.299,1.302,1.254,1.351,1.4,9412
1999-12-03,10303,970,1.317,1.291,1.274,1.349,1.407,10303
1999-12-10,9196,970,1.317,1.281,1.276,1.361,1.418,9196
1999-12-17,9696,970,1.316,1.29,1.273,1.363,1.413,9696
1999-12-24,10081,970,1.315,1.28,1.271,1.354,1.404,10081
1999-12-31,10030,970,1.315,1.295,1.271,1.347,1.401,10030
2000-01-07,10306,962,1.314,1.291,1.271,1.343,1.399,10306
2000-01-14,9229,962,1.315,1.274,1.265,1.332,1.395,9229
2000-01-21,10558,962,1.316,1.314,1.265,1.324,1.389,10558
2000-01-28,9457,962,1.342,1.379,1.296,1.324,1.393,9457
2000-02-04,10279,962,1.348,1.358,1.305,1.358,1.421,10279
2000-02-11,10242,953,1.359,1.366,1.318,1.358,1.424,10242
2000-02-18,10711,953,1.382,1.412,1.348,1.374,1.435,10711
2000-02-25,10220,953,1.417,1.487,1.383,1.402,1.472,10220
2000-03-03,10664,953,1.432,1.482,1.4,1.425,1.537,10664
2000-03-10,10160,1003,1.512,1.555,1.49,1.495,1.629,10160
2000-03-17,10755,1003,1.556,1.544,1.514,1.549,1.715,10755
2000-03-24,10150,1003,1.559,1.517,1.523,1.584,1.776,10150
2000-03-31,11113,1003,1.544,1.477,1.511,1.589,1.779,11113
2000-04-07,10799,982,1.531,1.482,1.499,1.586,1.769,10799
2000-04-14,11006,982,1.511,1.439,1.479,1.576,1.752,11006
2000-04-21,11515,982,1.486,1.396,1.454,1.558,1.731,11515
2000-04-28,11117,982,1.466,1.413,1.434,1.54,1.706,11117
2000-05-05,11330,969,1.454,1.389,1.425,1.519,1.685,11330
2000-05-12,10517,969,1.473,1.471,1.443,1.506,1.67,10517
2000-05-19,11933,969,1.502,1.533,1.485,1.526,1.65,11933
2000-05-26,10717,969,1.539,1.585,1.5,1.545,1.652,10717
2000-06-02,11048,995,1.544,1.631,1.493,1.548,1.645,11048
2000-06-09,10892,995,1.55,1.676,1.509,1.561,1.631,10892
2000-06-16,11283,995,1.581,1.826,1.519,1.584,1.631,11283
2000-06-23,11777,995,1.621,1.902,1.561,1.625,1.632,11777
2000-06-30,10876,1005,1.629,1.822,1.569,1.644,1.653,10876
2000-07-07,11599,1001,1.632,1.708,1.577,1.642,1.707,11599
2000-07-14,11068,1001,1.625,1.62,1.575,1.661,1.726,11068
2000-07-21,11766,1001,1.609,1.518,1.556,1.65,1.722,11766
2000-07-28,10883,1001,1.593,1.476,1.537,1.631,1.716,10883
2000-08-04,11679,1003,1.56,1.392,1.507,1.617,1.696,11679
2000-08-11,11582,1003,1.539,1.404,1.474,1.601,1.685,11582
2000-08-18,11239,1003,1.522,1.382,1.463,1.587,1.687,11239
2000-08-25,11043,1003,1.521,1.439,1.462,1.582,1.689,11043
2000-09-01,11583,1003,1.523,1.46,1.465,1.591,1.718,11583
2000-09-08,11531,1008,1.535,1.557,1.474,1.592,1.781,11531
2000-09-15,10823,1008,1.562,1.583,1.503,1.626,1.825,10823
2000-09-22,11795,1008,1.566,1.58,1.508,1.658,1.818,11795
2000-09-29,11166,1008,1.564,1.543,1.51,1.66,1.818,11166
2000-10-06,11194,1004,1.551,1.498,1.489,1.65,1.82,11194
2000-10-13,10959,1004,1.532,1.466,1.465,1.639,1.816,10959
2000-10-20,12098,1004,1.545,1.553,1.487,1.64,1.805,12098
2000-10-27,11218,1004,1.544,1.59,1.481,1.653,1.796,11218
2000-11-03,11907,978,1.544,1.573,1.482,1.671,1.795,11907
2000-11-10,10975,978,1.537,1.535,1.471,1.659,1.789,10975
2000-11-17,10592,978,1.534,1.539,1.466,1.643,1.776,10592
2000-11-24,9998,978,1.527,1.523,1.457,1.629,1.758,9998
2000-12-01,10980,987,1.526,1.526,1.458,1.611,1.749,10980
2000-12-08,10912,989,1.513,1.487,1.443,1.593,1.732,10912
2000-12-15,12405,989,1.492,1.429,1.417,1.553,1.706,12405
2000-12-22,10280,989,1.469,1.403,1.38,1.517,1.679,10280
2000-12-29,11442,989,1.442,1.414,1.371,1.493,1.664,11442
2001-01-05,12962,1018,1.438,1.41,1.363,1.473,1.644,12962
2001-01-12,11345,1018,1.44,1.461,1.376,1.47,1.635,11345
2001-01-19,10365,1018,1.486,1.537,1.438,1.464,1.613,10365
2001-01-26,11859,1018,1.497,1.52,1.457,1.462,1.597,11859
2001-02-02,12277,1000,1.493,1.5,1.451,1.462,1.582,12277
2001-02-09,11558,1000,1.48,1.463,1.436,1.48,1.598,11558
2001-02-16,10204,1000,1.492,1.524,1.448,1.48,1.632,10204
2001-02-23,11808,1000,1.482,1.456,1.442,1.474,1.651,11808
2001-03-02,11754,1000,1.472,1.423,1.418,1.469,1.654,11754
2001-03-09,12854,1004,1.455,1.399,1.405,1.461,1.675,12854
2001-03-16,11253,1004,1.438,1.406,1.388,1.476,1.678,11253
2001-03-23,12145,1004,1.424,1.401,1.381,1.468,1.675,12145
2001-03-30,11370,1005,1.421,1.411,1.372,1.474,1.666,11370
2001-04-06,11479,994,1.435,1.481,1.4,1.497,1.685,11479
2001-04-13,11907,994,1.495,1.553,1.459,1.525,1.709,11907
2001-04-20,11580,994,1.571,1.623,1.57,1.546,1.737,11580
2001-04-27,12908,993,1.609,1.704,1.589,1.589,1.756,12908
2001-05-04,12316,978,1.623,1.693,1.592,1.633,1.784,12316
2001-05-11,11204,978,1.659,1.834,1.623,1.684,1.831,11204
2001-05-18,12676,977,1.67,1.84,1.629,1.697,1.846,12676
2001-05-25,11326,977,1.663,1.782,1.616,1.701,1.849,11326
2001-06-01,11831,976,1.671,1.815,1.62,1.714,1.855,11831
2001-06-08,10764,977,1.658,1.767,1.601,1.716,1.846,10764
2001-06-15,10998,977,1.655,1.677,1.566,1.707,1.876,10998
2001-06-22,11419,977,1.629,1.578,1.541,1.692,1.862,11419
2001-06-29,11825,977,1.596,1.453,1.495,1.657,1.84,11825
2001-07-06,10857,974,1.546,1.352,1.434,1.621,1.806,10857
2001-07-13,12094,974,1.511,1.325,1.368,1.584,1.776,12094
2001-07-20,11993,974,1.475,1.329,1.335,1.543,1.736,11993
2001-07-27,11285,974,1.447,1.338,1.315,1.504,1.692,11285
2001-08-03,11134,1042,1.424,1.358,1.308,1.47,1.649,11134
2001-08-10,10278,1042,1.413,1.37,1.308,1.44,1.608,10278
2001-08-17,10972,1042,1.42,1.427,1.321,1.437,1.572,10972
2001-08-24,11468,1042,1.43,1.523,1.352,1.472,1.548,11468
2001-08-31,10502,1041,1.429,1.689,1.371,1.533,1.565,10502
2001-09-07,11261,1034,1.457,1.753,1.421,1.607,1.665,11261
2001-09-14,10579,1034,1.455,1.676,1.425,1.615,1.699,10579
2001-09-21,11053,1034,1.465,1.659,1.438,1.615,1.706,11053
2001-09-28,11862,1034,1.449,1.557,1.413,1.598,1.693,11862
2001-10-05,11744,1039,1.407,1.428,1.361,1.568,1.658,11744
2001-10-12,11117,1039,1.362,1.319,1.314,1.538,1.622,11117
2001-10-19,11495,1039,1.325,1.259,1.28,1.508,1.588,11495
2001-10-26,11452,1039,1.287,1.212,1.223,1.461,1.549,11452
2001-11-02,11701,977,1.255,1.188,1.195,1.415,1.516,11701
2001-11-09,11749,977,1.224,1.175,1.161,1.366,1.476,11749
2001-11-16,11220,977,1.198,1.165,1.132,1.317,1.435,11220
2001-11-23,10553,977,1.173,1.178,1.121,1.277,1.391,10553
2001-11-30,12104,934,1.144,1.122,1.088,1.238,1.349,12104
2001-12-07,10815,930,1.122,1.124,1.073,1.198,1.3,10815
2001-12-14,11119,930,1.113,1.127,1.062,1.168,1.255,11119
2001-12-21,10756,930,1.1,1.062,1.05,1.14,1.207,10756
2001-12-28,10290,930,1.104,1.116,1.047,1.129,1.18,10290
2002-01-04,10995,895,1.12,1.166,1.079,1.129,1.174,10995
2002-01-11,10545,895,1.14,1.172,1.098,1.135,1.194,10545
2002-01-18,11031,895,1.158,1.124,1.103,1.162,1.228,11031
2002-01-25,10828,895,1.146,1.116,1.091,1.168,1.242,10828
2002-02-01,10799,952,1.14,1.104,1.088,1.159,1.255,10799
2002-02-08,11205,929,1.139,1.147,1.087,1.15,1.271,11205
2002-02-15,10533,929,1.143,1.113,1.088,1.145,1.272,10533
2002-02-22,10043,929,1.144,1.125,1.1,1.142,1.29,10043
2002-03-01,10433,929,1.145,1.117,1.101,1.157,1.301,10433
2002-03-08,10178,929,1.151,1.184,1.113,1.159,1.323,10178
2002-03-15,10398,929,1.215,1.261,1.208,1.211,1.417,10398
2002-03-22,10061,929,1.288,1.336,1.262,1.287,1.465,10061
2002-03-29,11529,929,1.346,1.376,1.318,1.356,1.523,11529
2002-04-05,11493,971,1.381,1.403,1.338,1.407,1.558,11493
2002-04-12,10500,971,1.422,1.455,1.382,1.423,1.587,10500
2002-04-19,11438,971,1.433,1.408,1.389,1.432,1.59,11438
2002-04-26,11739,971,1.434,1.41,1.386,1.429,1.588,11739
2002-05-03,11868,963,1.429,1.384,1.378,1.438,1.584,11868
2002-05-10,11010,963,1.429,1.399,1.374,1.432,1.574,11010
2002-05-17,12141,963,1.422,1.396,1.367,1.423,1.562,12141
2002-05-24,11438,963,1.418,1.437,1.367,1.42,1.552,11438
2002-05-31,11055,952,1.414,1.409,1.363,1.431,1.552,11055
2002-06-07,10868,964,1.408,1.428,1.359,1.426,1.559,10868
2002-06-14,11198,964,1.402,1.386,1.349,1.418,1.558,11198
2002-06-21,11800,964,1.392,1.394,1.34,1.409,1.59,11800
2002-06-28,12022,964,1.394,1.401,1.335,1.431,1.607,12022
2002-07-05,10159,964,1.391,1.431,1.337,1.444,1.606,10159
2002-07-12,11312,989,1.39,1.402,1.333,1.446,1.603,11312
2002-07-19,11316,989,1.392,1.437,1.343,1.442,1.596,11316
2002-07-26,11340,989,1.42,1.448,1.36,1.499,1.588,11340
2002-08-02,11093,984,1.42,1.444,1.354,1.507,1.579,11093
2002-08-09,11116,984,1.423,1.398,1.356,1.506,1.589,11116
2002-08-16,11512,984,1.422,1.399,1.347,1.499,1.584,11512
2002-08-23,11714,984,1.417,1.405,1.353,1.492,1.578,11714
2002-08-30,11349,937,1.42,1.432,1.354,1.494,1.584,11349
2002-09-06,10911,931,1.419,1.403,1.354,1.488,1.587,10911
2002-09-13,10664,931,1.417,1.414,1.353,1.486,1.579,10664
2002-09-20,10967,931,1.422,1.427,1.362,1.481,1.572,10967
2002-09-27,10722,931,1.426,1.406,1.367,1.477,1.562,10722
2002-10-04,10870,958,1.445,1.44,1.389,1.482,1.554,10870
2002-10-11,11315,958,1.464,1.495,1.411,1.501,1.542,11315
2002-10-18,11909,958,1.463,1.503,1.42,1.508,1.53,11909
2002-10-25,11442,938,1.481,1.532,1.447,1.507,1.522,11442
2002-11-01,11840,987,1.478,1.495,1.443,1.507,1.518,11840
2002-11-08,11465,969,1.475,1.499,1.432,1.503,1.547,11465
2002-11-15,11988,969,1.477,1.461,1.42,1.496,1.569,11988
2002-11-22,11831,969,1.461,1.394,1.397,1.483,1.565,11831
2002-11-29,12176,969,1.446,1.338,1.376,1.464,1.551,12176
2002-12-06,12288,1023,1.438,1.307,1.367,1.451,1.545,12288
2002-12-13,11822,1023,1.428,1.322,1.357,1.432,1.528,11822
2002-12-20,11554,1023,1.424,1.352,1.348,1.413,1.513,11554
2002-12-27,9847,1023,1.458,1.422,1.384,1.421,1.508,9847
2003-01-03,10569,956,1.496,1.481,1.432,1.429,1.519,10569
2003-01-10,11097,956,1.509,1.449,1.445,1.451,1.55,11097
2003-01-17,10841,956,1.509,1.472,1.443,1.453,1.567,10841
2003-01-24,11211,956,1.51,1.469,1.45,1.454,1.598,11211
2003-01-31,10450,886,1.514,1.489,1.457,1.482,1.618,10450
2003-02-07,9777,903,1.564,1.555,1.514,1.526,1.658,9777
2003-02-14,11039,903,1.645,1.638,1.6,1.6,1.728,11039
2003-02-21,10602,903,1.678,1.695,1.624,1.661,1.833,10602
2003-02-28,11550,903,1.675,1.653,1.625,1.668,1.894,11550
2003-03-07,9840,983,1.677,1.695,1.622,1.688,1.979,9840
2003-03-14,11613,981,1.691,1.722,1.635,1.709,2.04,11613
2003-03-21,13064,981,1.709,1.713,1.655,1.721,2.089,13064
2003-03-28,12719,981,1.687,1.627,1.632,1.713,2.087,12719
2003-04-04,11457,973,1.658,1.553,1.604,1.689,2.071,11457
2003-04-11,11819,973,1.635,1.544,1.572,1.67,2.053,11819
2003-04-18,12920,973,1.61,1.503,1.533,1.638,2.018,12920
2003-04-25,12138,973,1.585,1.512,1.504,1.614,1.962,12138
2003-05-02,12578,960,1.567,1.504,1.481,1.596,1.931,12578
2003-05-09,11445,960,1.539,1.434,1.448,1.574,1.887,11445
2003-05-16,12914,960,1.509,1.443,1.418,1.553,1.834,12914
2003-05-23,12679,960,1.5,1.503,1.414,1.549,1.785,12679
2003-05-30,13079,968,1.492,1.499,1.414,1.537,1.747,13079
2003-06-06,12656,976,1.487,1.476,1.407,1.524,1.725,12656
2003-06-13,13187,976,1.492,1.533,1.42,1.52,1.703,13187
2003-06-20,12175,976,1.514,1.545,1.445,1.556,1.784,12175
2003-06-27,12259,972,1.505,1.478,1.438,1.561,1.797,12259
2003-07-04,12250,962,1.495,1.47,1.425,1.56,1.791,12250
2003-07-11,12432,962,1.498,1.477,1.43,1.562,1.782,12432
2003-07-18,11970,962,1.542,1.522,1.476,1.564,1.759,11970
2003-07-25,12915,962,1.552,1.525,1.489,1.585,1.733,12915
2003-08-01,13022,981,1.549,1.51,1.483,1.615,1.717,13022
2003-08-08,12243,971,1.552,1.567,1.488,1.625,1.717,12243
2003-08-15,12779,971,1.587,1.594,1.527,1.666,1.758,12779
2003-08-22,12666,971,1.625,1.624,1.561,1.693,1.93,12666
2003-08-29,13226,996,1.738,1.751,1.642,1.754,2.096,13226
2003-09-05,12037,974,1.759,1.725,1.634,1.792,2.092,12037
2003-09-12,13334,962,1.739,1.676,1.611,1.784,2.074,13334
2003-09-19,12988,962,1.715,1.685,1.58,1.764,2.025,12988
2003-09-26,12123,952,1.685,1.598,1.541,1.723,1.965,12123
2003-10-03,12474,976,1.657,1.518,1.496,1.678,1.907,12474
2003-10-10,12371,976,1.635,1.532,1.468,1.645,1.855,12371
2003-10-17,11558,976,1.621,1.555,1.47,1.618,1.811,11558
2003-10-24,12305,976,1.614,1.59,1.47,1.615,1.777,12305
2003-10-31,12632,948,1.595,1.539,1.455,1.631,1.748,12632
2003-11-07,12314,931,1.581,1.548,1.447,1.618,1.729,12314
2003-11-14,12391,909,1.56,1.491,1.431,1.599,1.709,12391
2003-11-21,11555,899,1.552,1.479,1.432,1.586,1.707,11555
2003-11-28,12032,874,1.556,1.515,1.445,1.577,1.714,12032
2003-12-05,11474,988,1.548,1.463,1.439,1.558,1.702,11474
2003-12-12,11198,988,1.535,1.453,1.428,1.54,1.676,11198
2003-12-19,11756,988,1.53,1.442,1.424,1.526,1.651,11756
2003-12-26,11899,988,1.542,1.486,1.446,1.55,1.64,11899
2004-01-02,12078,988,1.543,1.469,1.449,1.542,1.626,12078
2004-01-09,11634,994,1.562,1.529,1.477,1.536,1.645,11634
2004-01-16,12604,994,1.621,1.573,1.53,1.567,1.691,12604
2004-01-23,11234,994,1.655,1.609,1.571,1.584,1.718,11234
2004-01-30,13188,974,1.678,1.647,1.584,1.612,1.749,13188
2004-02-06,10643,932,1.683,1.609,1.588,1.61,1.771,10643
2004-02-13,13119,932,1.684,1.649,1.591,1.616,1.823,13119
2004-02-20,12623,932,1.688,1.652,1.594,1.632,1.859,12623
2004-02-27,12575,932,1.705,1.68,1.611,1.647,1.996,12575
2004-03-05,13073,984,1.725,1.702,1.623,1.684,2.07,13073
2004-03-12,12486,984,1.754,1.713,1.654,1.752,2.076,12486
2004-03-19,12773,984,1.752,1.675,1.651,1.77,2.064,12773
2004-03-26,12938,984,1.769,1.712,1.67,1.79,2.053,12938
2004-04-02,12810,984,1.779,1.744,1.682,1.82,2.051,12810
2004-04-09,12112,967,1.792,1.758,1.712,1.832,2.097,12112
2004-04-16,12941,967,1.79,1.765,1.705,1.848,2.127,12941
2004-04-23,13160,967,1.806,1.806,1.742,1.901,2.134,13160
2004-04-30,12137,967,1.813,1.802,1.736,1.916,2.124,12137
2004-05-07,12679,975,1.846,1.848,1.769,1.935,2.129,12679
2004-05-14,12986,964,1.939,1.938,1.858,2.009,2.245,12986
2004-05-21,13004,957,2.027,2.03,1.924,2.03,2.288,13004
2004-05-28,13714,957,2.081,2.077,1.972,2.059,2.334,13714
2004-06-04,13145,946,2.088,2.027,1.965,2.057,2.336,13145
2004-06-11,12643,946,2.074,2.003,1.95,2.048,2.322,12643
2004-06-18,12743,946,2.048,1.911,1.923,2.023,2.289,12743
2004-06-25,13532,959,2.012,1.842,1.878,1.988,2.247,13532
2004-07-02,12833,936,1.989,1.846,1.85,1.966,2.221,12833
2004-07-09,12599,936,1.958,1.832,1.825,1.944,2.183,12599
2004-07-16,12286,936,1.961,1.895,1.845,1.947,2.172,12286
2004-07-23,14364,936,1.971,1.92,1.858,1.967,2.162,14364
2004-07-30,13228,983,1.96,1.875,1.846,1.96,2.139,13228
2004-08-06,12523,994,1.934,1.873,1.831,1.948,2.109,12523
2004-08-13,13044,994,1.92,1.875,1.823,1.941,2.083,13044
2004-08-20,13476,991,1.914,1.889,1.824,1.93,2.056,13476
2004-08-27,13141,991,1.922,1.892,1.843,1.94,2.066,13141
2004-09-03,13490,991,1.909,1.838,1.821,1.937,2.106,13490
2004-09-10,12445,991,1.9,1.822,1.795,1.927,2.086,12445
2004-09-17,11175,993,1.891,1.832,1.786,1.917,2.07,11175
2004-09-24,13231,969,1.9,1.877,1.798,1.917,2.079,13231
2004-10-01,13282,969,1.948,1.936,1.864,1.934,2.111,13282
2004-10-08,13122,1045,1.972,1.923,1.879,1.96,2.192,13122
2004-10-15,13146,1045,2.015,1.978,1.925,1.99,2.288,13146
2004-10-22,13179,1038,2.057,2.019,1.954,2.034,2.344,13179
2004-10-29,13407,1038,2.066,1.997,1.957,2.048,2.34,13407
2004-11-05,13398,1004,2.066,2.014,1.959,2.046,2.323,13398
2004-11-12,13300,1004,2.047,1.954,1.94,2.035,2.297,13300
2004-11-19,12944,965,2.025,1.906,1.912,2.011,2.27,12944
2004-11-26,12974,965,2.001,1.901,1.886,1.99,2.231,12974
2004-12-03,14018,924,1.994,1.914,1.882,1.98,2.205,14018
2004-12-10,12907,977,1.976,1.862,1.853,1.96,2.169,12907
2004-12-17,13086,983,1.933,1.759,1.803,1.92,2.114,13086
2004-12-24,12461,983,1.899,1.758,1.76,1.893,2.041,12461
2004-12-31,12647,983,1.88,1.734,1.743,1.863,2.004,12647
2005-01-07,12144,983,1.858,1.749,1.713,1.843,1.978,12144
2005-01-14,12752,983,1.86,1.802,1.741,1.819,1.938,12752
2005-01-21,13405,983,1.886,1.833,1.788,1.819,1.94,13405
2005-01-28,12936,983,1.912,1.877,1.83,1.833,1.966,12936
2005-02-04,13059,989,1.963,1.942,1.883,1.867,2.033,13059
2005-02-11,13286,989,1.964,1.926,1.875,1.891,2.053,13286
2005-02-18,12886,1085,1.949,1.896,1.854,1.894,2.087,12886
2005-02-25,13370,1035,1.939,1.902,1.848,1.926,2.143,13370
2005-03-04,13037,1019,1.941,1.948,1.865,1.949,2.169,13037
2005-03-11,12886,1012,2.003,2.039,1.942,2.022,2.22,12886
2005-03-18,13412,1012,2.067,2.084,2.009,2.082,2.274,13412
2005-03-25,13516,996,2.12,2.147,2.064,2.114,2.304,13516
2005-04-01,12365,996,2.171,2.167,2.121,2.173,2.364,12365
2005-04-08,12786,941,2.236,2.226,2.182,2.203,2.444,12786
2005-04-15,12634,941,2.285,2.276,2.226,2.3,2.574,12634
2005-04-22,13815,966,2.257,2.178,2.202,2.3,2.576,13815
2005-04-29,13331,1019,2.255,2.194,2.183,2.296,2.564,13331
2005-05-06,13340,1012,2.262,2.185,2.175,2.308,2.558,13340
2005-05-13,13891,1048,2.233,2.105,2.136,2.29,2.522,13891
2005-05-20,13633,1098,2.202,2.1,2.105,2.269,2.482,13633
2005-05-27,13687,1139,2.17,2.058,2.064,2.242,2.444,13687
2005-06-03,12969,1157,2.146,2.03,2.038,2.208,2.402,12969
2005-06-10,13709,1157,2.16,2.078,2.069,2.198,2.372,13709
2005-06-17,13134,1157,2.177,2.11,2.086,2.201,2.35,13134
2005-06-24,13834,1157,2.207,2.152,2.12,2.2,2.365,13834
2005-07-01,13814,1138,2.25,2.229,2.156,2.226,2.419,13814
2005-07-08,12993,1095,2.265,2.223,2.158,2.256,2.456,12993
2005-07-15,13927,1095,2.363,2.344,2.276,2.317,2.524,13927
2005-07-22,12918,1095,2.369,2.296,2.267,2.338,2.54,12918
2005-07-29,14183,1130,2.358,2.227,2.248,2.328,2.542,14183
2005-08-05,14485,1123,2.352,2.248,2.224,2.322,2.555,14485
2005-08-12,13333,1190,2.402,2.357,2.323,2.359,2.611,13333
2005-08-19,14040,1210,2.599,2.56,2.529,2.481,2.713,14040
2005-08-26,14124,1155,2.654,2.635,2.595,2.585,2.754,14124
2005-09-02,12435,1155,2.646,2.633,2.571,2.622,2.784,12435
2005-09-09,12601,1099,3.252,3.067,2.957,3.016,3.067,12601
2005-09-16,13704,1099,3.111,2.922,2.851,2.988,3.04,13704
2005-09-23,13294,1099,2.914,2.708,2.699,2.915,2.99,13294
2005-09-30,12665,942,2.906,2.75,2.766,2.897,2.97,12665
2005-10-07,13033,934,3.016,2.932,2.952,2.93,2.989,13033
2005-10-14,14175,844,2.94,2.793,2.896,2.886,2.978,14175
2005-10-21,14263,844,2.823,2.627,2.771,2.826,2.917,14263
2005-10-28,14087,844,2.693,2.483,2.643,2.746,2.841,14087
2005-11-04,15217,847,2.562,2.357,2.5,2.629,2.756,15217
2005-11-11,13768,848,2.453,2.262,2.378,2.506,2.667,13768
2005-11-18,13798,848,2.351,2.21,2.292,2.387,2.59,13798
2005-11-25,13465,848,2.261,2.116,2.199,2.291,2.477,13465
2005-12-02,13884,907,2.207,2.083,2.143,2.221,2.432,13884
2005-12-09,14648,893,2.18,2.149,2.121,2.153,2.362,14648
2005-12-16,13544,893,2.235,2.208,2.188,2.144,2.301,13544
2005-12-23,13663,893,2.279,2.247,2.209,2.158,2.276,13663
2005-12-30,13166,874,2.275,2.224,2.189,2.153,2.261,13166
2006-01-06,13754,889,2.318,2.292,2.231,2.163,2.249,13754
2006-01-13,14078,889,2.424,2.362,2.315,2.24,2.349,14078
2006-01-20,13061,889,2.434,2.293,2.31,2.24,2.418,13061
2006-01-27,12914,944,2.449,2.313,2.324,2.261,2.432,12914
2006-02-03,13364,944,2.447,2.344,2.319,2.279,2.503,13364
2006-02-10,14340,944,2.429,2.31,2.307,2.287,2.526,14340
2006-02-17,13799,944,2.376,2.219,2.255,2.278,2.504,13799
2006-02-24,13268,944,2.31,2.196,2.211,2.261,2.458,13268
2006-03-03,13121,1038,2.29,2.288,2.196,2.278,2.43,13121
2006-03-10,13261,1038,2.341,2.41,2.288,2.317,2.468,13261
2006-03-17,12632,1038,2.387,2.415,2.335,2.344,2.524,12632
2006-03-24,13129,1038,2.55,2.532,2.519,2.435,2.618,13129
2006-03-31,12736,1082,2.549,2.501,2.5,2.435,2.656,12736
2006-04-07,12727,1093,2.634,2.606,2.614,2.46,2.719,12727
2006-04-14,12501,1093,2.743,2.684,2.737,2.522,2.797,12501
2006-04-21,13806,1093,2.854,2.787,2.826,2.602,2.887,13806
2006-04-28,12737,1043,2.997,2.899,2.923,2.749,3.055,12737
2006-05-05,14246,1110,2.995,2.856,2.9,2.834,3.178,14246
2006-05-12,13869,1110,2.964,2.814,2.857,2.867,3.29,13869
2006-05-19,13748,1110,2.987,2.896,2.874,2.883,3.299,13748
2006-05-26,15119,1110,2.946,2.786,2.825,2.878,3.297,15119
2006-06-02,14470,1141,2.913,2.79,2.78,2.875,3.253,14470
2006-06-09,14323,1141,2.928,2.846,2.807,2.87,3.249,14323
2006-06-16,14724,1141,2.954,2.86,2.848,2.894,3.21,14724
2006-06-23,13648,1141,2.927,2.807,2.819,2.888,3.179,13648
2006-06-30,13827,1234,2.91,2.851,2.802,2.875,3.143,13827
2006-07-07,13268,1240,2.978,2.943,2.868,2.92,3.156,13268
2006-07-14,14139,1240,3.016,2.998,2.893,2.929,3.184,14139
2006-07-21,13932,1240,3.034,3.015,2.905,2.934,3.198,13932
2006-07-28,15012,1240,3.06,3.023,2.937,2.948,3.186,15012
2006-08-04,13596,1133,3.071,3.016,2.948,2.98,3.169,13596
2006-08-11,13851,1133,3.091,3.083,2.982,3.038,3.167,13851
2006-08-18,14574,1133,3.068,3.0,2.929,3.063,3.186,14574
2006-08-25,14831,1133,2.993,2.889,2.865,3.053,3.145,14831
2006-09-01,13698,1271,2.92,2.791,2.781,3.031,3.087,13698
2006-09-08,14086,1189,2.815,2.628,2.669,2.987,3.012,14086
2006-09-15,13923,1189,2.716,2.48,2.553,2.928,2.952,13923
2006-09-22,14781,1189,2.59,2.351,2.431,2.839,2.852,14781
2006-09-29,13216,1289,2.445,2.24,2.315,2.74,2.764,13216
2006-10-06,13384,1188,2.365,2.201,2.231,2.633,2.689,13384
2006-10-13,13277,1288,2.303,2.184,2.187,2.538,2.612,13277
2006-10-20,12721,1288,2.268,2.161,2.157,2.461,2.554,12721
2006-10-27,13282,1288,2.239,2.179,2.135,2.398,2.504,13282
2006-11-03,12697,1325,2.246,2.226,2.147,2.354,2.459,12697
2006-11-10,12406,1325,2.23,2.219,2.125,2.318,2.427,12406
2006-11-17,13684,1325,2.259,2.249,2.153,2.298,2.484,13684
2006-11-24,12755,1325,2.268,2.24,2.158,2.284,2.519,12755
2006-12-01,13215,1296,2.287,2.237,2.165,2.278,2.52,13215
2006-12-08,12915,1283,2.351,2.291,2.227,2.29,2.529,12915
2006-12-15,11764,1283,2.36,2.254,2.243,2.29,2.541,11764
2006-12-22,12106,1283,2.375,2.303,2.241,2.285,2.586,12106
2006-12-29,13125,1283,2.408,2.304,2.258,2.291,2.623,13125
2007-01-05,13041,1244,2.403,2.295,2.245,2.289,2.627,13041
2007-01-12,14324,1244,2.377,2.242,2.217,2.277,2.64,14324
2007-01-19,13232,1244,2.321,2.11,2.158,2.243,2.6,13232
2007-01-26,13573,1244,2.262,2.025,2.099,2.203,2.556,13573
2007-02-02,12780,1244,2.224,2.115,2.062,2.166,2.506,12780
2007-02-09,12838,1249,2.224,2.174,2.09,2.167,2.524,12838
2007-02-16,13082,1249,2.248,2.256,2.135,2.184,2.586,13082
2007-02-23,12951,1249,2.301,2.316,2.175,2.229,2.646,12951
2007-03-02,11610,1206,2.394,2.4,2.279,2.289,2.715,11610
2007-03-09,13481,1206,2.546,2.496,2.412,2.396,2.814,13481
2007-03-16,13787,1206,2.588,2.517,2.447,2.457,2.971,13787
2007-03-23,13440,1206,2.603,2.516,2.453,2.533,3.028,13440
2007-03-30,13701,1206,2.629,2.548,2.487,2.58,3.067,13701
2007-04-06,13225,1221,2.727,2.643,2.612,2.66,3.147,13225
2007-04-13,13451,1221,2.812,2.776,2.721,2.761,3.188,13451
2007-04-20,13713,1221,2.896,2.838,2.809,2.845,3.244,13713
2007-04-27,13782,1221,2.893,2.808,2.803,2.889,3.267,13782
2007-05-04,14581,1221,2.974,2.957,2.901,3.003,3.327,14581
2007-05-11,14591,1202,3.016,3.106,2.917,3.138,3.422,14591
2007-05-18,14474,1202,3.04,3.2,2.961,3.239,3.426,14474
2007-05-25,14028,1202,3.155,3.353,3.141,3.312,3.42,14028
2007-06-01,14220,1247,3.157,3.35,3.116,3.324,3.396,14220
2007-06-08,13805,1257,3.127,3.256,3.068,3.308,3.366,13805
2007-06-15,14625,1257,3.082,3.105,3.01,3.273,3.314,14625
2007-06-22,13901,1257,3.037,3.015,2.95,3.229,3.237,13901
2007-06-29,14539,1241,3.007,3.0,2.927,3.186,3.194,14539
2007-07-06,14019,1191,2.987,2.984,2.899,3.144,3.155,14019
2007-07-13,13881,1191,2.985,3.072,2.905,3.111,3.128,13881
2007-07-20,14291,1191,3.036,3.197,2.969,3.137,3.138,14291
2007-07-27,13545,1191,2.988,3.011,2.914,3.082,3.1,13545
2007-08-03,13643,1229,2.936,2.877,2.841,3.028,3.046,13643
2007-08-10,13121,1229,2.888,2.857,2.797,2.989,3.005,13121
2007-08-17,13998,1229,2.818,2.799,2.731,2.924,2.926,13998
2007-08-24,13621,1229,2.798,2.901,2.73,2.885,2.871,13621
2007-08-31,13304,1180,2.764,2.869,2.702,2.85,2.816,13304
2007-09-07,12754,1190,2.776,3.002,2.707,2.865,2.82,12754
2007-09-14,12949,1190,2.796,3.007,2.743,2.88,2.865,12949
2007-09-21,13763,1190,2.8,2.889,2.729,2.87,2.908,13763
2007-09-28,13518,1190,2.834,2.892,2.755,2.86,2.957,13518
2007-10-05,13563,1224,2.833,2.814,2.752,2.854,2.97,13563
2007-10-12,14244,1224,2.813,2.788,2.719,2.845,2.983,14244
2007-10-19,12298,1224,2.798,2.769,2.695,2.84,3.028,12298
2007-10-26,13108,1224,2.853,2.821,2.753,2.891,3.114,13108
2007-11-02,13323,1272,2.897,2.898,2.785,2.92,3.139,13323
2007-11-09,13647,1272,3.036,3.069,2.944,3.018,3.212,13647
2007-11-16,13345,1272,3.14,3.158,3.032,3.108,3.328,13345
2007-11-23,13421,1272,3.147,3.101,3.021,3.113,3.353,13421
2007-11-30,13173,1272,3.153,3.09,3.018,3.108,3.355,13173
2007-12-07,13501,1251,3.136,3.028,2.987,3.1,3.325,13501
2007-12-14,12618,1251,3.094,2.929,2.927,3.056,3.292,12618
2007-12-21,12907,1251,3.08,2.977,2.901,3.015,3.255,12907
2007-12-28,13301,1251,3.071,2.95,2.889,2.976,3.232,13301
2008-01-04,12904,1251,3.128,3.064,2.971,2.97,3.268,12904
2008-01-11,13538,1238,3.185,3.133,3.029,2.999,3.297,13538
2008-01-18,13754,1238,3.17,3.043,3.009,2.997,3.264,13754
2008-01-25,13389,1238,3.126,2.991,2.957,2.976,3.205,13389
2008-02-01,14730,1355,3.09,2.955,2.928,2.964,3.136,14730
2008-02-08,13100,1344,3.07,2.995,2.924,2.989,3.106,13100
2008-02-15,13672,1344,3.041,2.974,2.904,2.983,3.11,13672
2008-02-22,13502,1344,3.11,3.078,2.993,3.005,3.185,13502
2008-02-29,12579,1344,3.209,3.111,3.108,3.096,3.314,12579
2008-03-07,13864,1282,3.229,3.111,3.139,3.133,3.434,13864
2008-03-14,12582,1282,3.255,3.224,3.181,3.154,3.506,12582
2008-03-21,12134,1282,3.315,3.284,3.228,3.225,3.572,12134
2008-03-28,13473,1282,3.305,3.225,3.218,3.245,3.567,13473
2008-04-04,12148,1349,3.32,3.28,3.258,3.278,3.573,12148
2008-04-11,12029,1349,3.348,3.33,3.304,3.312,3.628,12029
2008-04-18,13661,1349,3.399,3.391,3.336,3.369,3.713,13661
2008-04-25,13989,1349,3.547,3.502,3.462,3.461,3.784,13989
2008-05-02,14024,1435,3.663,3.6,3.558,3.523,3.836,14024
2008-05-09,13393,1435,3.673,3.611,3.56,3.54,3.85,13393
2008-05-16,12744,1435,3.775,3.769,3.669,3.655,3.883,12744
2008-05-23,11875,1435,3.857,3.832,3.742,3.733,3.932,11875
2008-05-30,13061,1529,4.0,3.983,3.881,3.899,4.076,13061
2008-06-06,13103,1444,4.033,3.984,3.9,3.939,4.215,13103
2008-06-13,13334,1444,4.081,4.015,3.963,3.988,4.375,13334
2008-06-20,13547,1444,4.115,4.03,3.99,4.043,4.504,13547
2008-06-27,13747,1444,4.111,4.03,3.973,4.051,4.512,13747
2008-07-04,12538,1444,4.121,4.064,3.983,4.082,4.507,12538
2008-07-11,13943,1451,4.143,4.092,4.013,4.114,4.492,13943
2008-07-18,12897,1451,4.136,4.099,4.025,4.147,4.466,12897
2008-07-25,13215,1451,4.111,4.014,3.996,4.155,4.416,13215
2008-08-01,13333,1544,4.031,3.86,3.912,4.111,4.296,13333
2008-08-08,12257,1501,3.958,3.806,3.819,4.059,4.191,12257
2008-08-15,13917,1501,3.87,3.765,3.739,4.005,4.107,13917
2008-08-22,13117,1501,3.775,3.74,3.653,3.939,4.03,13117
2008-08-29,12634,1363,3.707,3.719,3.575,3.884,3.957,12634
2008-09-05,11389,1331,3.706,3.705,3.631,3.861,3.91,11389
2008-09-12,11370,1331,3.682,3.669,3.605,3.815,3.863,11370
2008-09-19,10507,1331,3.88,3.984,3.812,3.802,3.82,10507
2008-09-26,12666,1331,3.793,3.792,3.733,3.699,3.743,12666
2008-10-03,14191,1511,3.734,3.647,3.654,3.647,3.693,14191
2008-10-10,13671,1511,3.616,3.431,3.491,3.545,3.618,13671
2008-10-17,13788,1511,3.298,3.028,3.047,3.32,3.472,13788
2008-10-24,13320,1511,3.012,2.807,2.791,3.091,3.329,13320
2008-10-31,13197,1595,2.761,2.534,2.515,2.813,3.105,13197
2008-11-07,12086,1572,2.528,2.272,2.284,2.532,2.793,12086
2008-11-14,12532,1772,2.349,2.095,2.153,2.305,2.584,12532
2008-11-21,14007,1772,2.189,1.967,2.014,2.08,2.408,14007
2008-11-28,12617,1772,2.029,1.785,1.86,1.893,2.167,12617
2008-12-05,12773,1395,1.936,1.753,1.788,1.784,2.02,12773
2008-12-12,12611,1395,1.833,1.636,1.697,1.668,1.877,12611
2008-12-19,12780,1395,1.758,1.678,1.615,1.603,1.8,12780
2008-12-26,12388,1395,1.747,1.657,1.607,1.568,1.839,12388
2009-01-02,13698,1395,1.705,1.601,1.555,1.55,1.839,13698
2009-01-09,12729,1514,1.715,1.767,1.604,1.54,1.895,12729
2009-01-16,13585,1514,1.819,1.857,1.701,1.61,2.002,13585
2009-01-23,13294,1514,1.879,1.908,1.784,1.653,2.076,13294
2009-01-30,13122,1514,1.884,1.853,1.783,1.689,2.103,13122
2009-02-06,12839,1514,1.944,1.904,1.858,1.756,2.128,12839
2009-02-13,11497,1595,1.98,1.897,1.893,1.822,2.222,11497
2009-02-20,11577,1595,2.018,1.939,1.894,1.862,2.29,11577
2009-02-27,12523,1595,1.98,1.843,1.842,1.843,2.268,12523
2009-03-06,12388,1651,1.99,1.921,1.886,1.834,2.222,12388
2009-03-13,12164,1651,1.987,1.952,1.875,1.856,2.215,12164
2009-03-20,12595,1651,1.977,1.885,1.865,1.861,2.182,12595
2009-03-27,12717,1651,2.007,1.982,1.932,1.908,2.178,12717
2009-04-03,12323,1735,2.093,2.064,2.024,1.979,2.255,12323
2009-04-10,12261,1735,2.09,2.02,2.01,2.008,2.298,12261
2009-04-17,12795,1735,2.095,2.04,2.018,2.052,2.321,12795
2009-04-24,12444,1826,2.108,2.042,2.024,2.094,2.325,12444
2009-05-01,12446,1826,2.103,2.023,2.003,2.118,2.325,12446
2009-05-08,11164,1826,2.115,2.085,2.012,2.14,2.341,11164
2009-05-15,11550,1850,2.28,2.292,2.189,2.226,2.416,11550
2009-05-22,11945,1850,2.361,2.333,2.269,2.285,2.506,11945
2009-05-29,12577,1850,2.461,2.504,2.374,2.408,2.624,12577
2009-06-05,11522,1850,2.528,2.619,2.44,2.466,2.73,11522
2009-06-12,11870,1863,2.61,2.738,2.529,2.561,2.853,11870
2009-06-19,11668,1863,2.687,2.721,2.587,2.619,2.946,11668
2009-06-26,11883,1863,2.729,2.699,2.616,2.65,2.983,11883
2009-07-03,12092,1863,2.701,2.607,2.572,2.649,2.959,12092
2009-07-10,12098,1894,2.673,2.583,2.517,2.639,2.936,12098
2009-07-17,12077,1894,2.602,2.469,2.441,2.613,2.87,12077
2009-07-24,12417,1894,2.536,2.392,2.378,2.572,2.819,12417
2009-07-31,11630,1894,2.545,2.493,2.423,2.549,2.819,11630
2009-08-07,11801,1894,2.592,2.547,2.488,2.554,2.879,11801
2009-08-14,10329,1846,2.675,2.628,2.58,2.622,3.004,10329
2009-08-21,11819,1846,2.684,2.581,2.57,2.66,3.012,11819
2009-08-28,11794,1846,2.676,2.58,2.545,2.665,3.0,11794
2009-09-04,11654,1846,2.664,2.555,2.517,2.663,3.008,11654
2009-09-11,11251,1898,2.644,2.497,2.462,2.645,3.054,11251
2009-09-18,12386,1898,2.607,2.498,2.437,2.636,3.094,12386
2009-09-25,12227,1898,2.571,2.48,2.413,2.62,3.082,12227
2009-10-02,12000,1898,2.523,2.41,2.366,2.598,3.036,12000
2009-10-09,11265,1891,2.484,2.393,2.344,2.553,2.997,11265
2009-10-16,11091,1891,2.486,2.474,2.373,2.532,2.947,11091
2009-10-23,11433,1891,2.592,2.574,2.494,2.565,2.924,11433
2009-10-30,10727,1891,2.719,2.69,2.603,2.626,2.94,10727
2009-11-06,11170,1891,2.743,2.705,2.619,2.653,2.96,11170
2009-11-13,11027,1952,2.731,2.648,2.586,2.651,2.957,11027
2009-11-20,11720,1952,2.705,2.579,2.557,2.649,2.944,11720
2009-11-27,11556,1952,2.704,2.616,2.566,2.632,2.932,11556
2009-12-04,10647,1952,2.701,2.604,2.555,2.619,2.916,10647
2009-12-11,10405,1945,2.713,2.601,2.575,2.606,2.911,10405
2009-12-18,10129,1945,2.684,2.55,2.532,2.586,2.9,10129
2009-12-25,10414,1945,2.664,2.56,2.502,2.553,2.898,10414
2010-01-01,10952,1945,2.67,2.593,2.523,2.547,2.911,10952
2010-01-08,11621,1945,2.72,2.671,2.582,2.556,2.952,11621
2010-01-15,11155,1680,2.811,2.761,2.673,2.623,3.017,11155
2010-01-22,10739,1680,2.818,2.716,2.674,2.664,3.004,10739
2010-01-29,11373,1680,2.791,2.659,2.646,2.671,2.991,11373
2010-02-05,11736,1680,2.752,2.598,2.598,2.666,2.962,11736
2010-02-12,10900,1712,2.734,2.61,2.573,2.671,2.946,10900
2010-02-19,11829,1712,2.702,2.538,2.54,2.654,2.915,11829
2010-02-26,11952,1712,2.723,2.641,2.59,2.667,2.917,11952
2010-03-05,11064,1712,2.764,2.676,2.654,2.681,2.987,11064
2010-03-12,10591,1644,2.806,2.73,2.704,2.733,3.034,10591
2010-03-19,11463,1644,2.842,2.774,2.743,2.782,3.054,11463
2010-03-26,11630,1644,2.853,2.839,2.752,2.819,3.083,11630
2010-04-02,12323,1644,2.84,2.789,2.74,2.842,3.086,12323
2010-04-09,11057,1644,2.854,2.839,2.773,2.877,3.09,11057
2010-04-16,12492,1734,2.89,2.869,2.81,2.915,3.109,12492
2010-04-23,12504,1734,2.889,2.881,2.805,2.936,3.107,12504
2010-04-30,13054,1734,2.899,2.843,2.787,2.941,3.105,13054
2010-05-07,11845,1734,2.942,2.918,2.836,2.948,3.127,11845
2010-05-14,12093,1785,2.96,2.906,2.845,2.962,3.145,12093
2010-05-21,12750,1785,2.927,2.838,2.82,2.95,3.12,12750
2010-05-28,12029,1785,2.861,2.731,2.756,2.908,3.058,12029
2010-06-04,11550,1785,2.794,2.665,2.701,2.871,3.026,11550
2010-06-11,11806,1785,2.758,2.7,2.668,2.841,3.057,11806
2010-06-18,12436,2025,2.73,2.68,2.635,2.819,3.043,12436
2010-06-25,12095,2025,2.758,2.749,2.654,2.82,3.084,12095
2010-07-02,12440,2025,2.768,2.766,2.668,2.814,3.105,12440
2010-07-09,11627,2025,2.744,2.71,2.637,2.802,3.1,11627
2010-07-16,12412,2120,2.728,2.716,2.621,2.791,3.094,12412
2010-07-23,13588,2120,2.719,2.736,2.612,2.797,3.112,13588
2010-07-30,12502,2120,2.738,2.774,2.65,2.797,3.123,12502
2010-08-06,12213,2120,2.744,2.73,2.64,2.802,3.123,12213
2010-08-13,12473,2062,2.781,2.791,2.698,2.837,3.159,12473
2010-08-20,12877,2062,2.751,2.717,2.671,2.85,3.151,12877
2010-08-27,12424,2062,2.716,2.662,2.621,2.854,3.129,12424
2010-09-03,11683,2062,2.68,2.672,2.584,2.868,3.087,11683
2010-09-10,11268,2189,2.67,2.709,2.574,2.87,3.044,11268
2010-09-17,11817,2189,2.69,2.813,2.594,2.875,3.028,11817
2010-09-24,11594,2189,2.713,2.778,2.642,2.872,3.013,11594
2010-10-01,11261,2189,2.704,2.712,2.619,2.853,3.001,11261
2010-10-08,10447,2189,2.743,2.771,2.645,2.841,3.013,10447
2010-10-15,11054,2186,2.84,2.867,2.732,2.845,3.08,11054
2010-10-22,12171,2186,2.878,2.842,2.736,2.849,3.131,12171
2010-10-29,10942,2186,2.873,2.801,2.718,2.841,3.13,10942
2010-11-05,10457,2186,2.861,2.795,2.699,2.831,3.129,10457
2010-11-12,10186,2121,2.893,2.928,2.741,2.831,3.13,10186
2010-11-19,11508,2121,2.948,2.913,2.78,2.842,3.161,11508
2010-11-26,10587,2121,2.965,2.861,2.752,2.83,3.162,10587
2010-12-03,11690,2121,2.961,2.823,2.727,2.812,3.145,11690
2010-12-10,10045,2252,3.048,2.962,2.86,2.817,3.203,10045
2010-12-17,11695,2252,3.076,2.967,2.884,2.842,3.236,11695
2010-12-24,11478,2252,3.077,2.972,2.887,2.846,3.236,11478
2010-12-31,10186,2252,3.133,3.085,2.955,2.868,3.268,10186
2011-01-07,11564,2252,3.149,3.1,2.98,2.891,3.287,11564
2011-01-14,11725,2241,3.166,3.12,2.992,2.903,3.312,11725
2011-01-21,11939,2241,3.181,3.125,3.017,2.934,3.336,11939
2011-01-28,11916,2241,3.192,3.122,3.022,2.96,3.342,11916
2011-02-04,11857,2241,3.176,3.122,2.996,2.974,3.348,11857
2011-02-11,10796,2168,3.193,3.159,3.033,3.034,3.381,10796
2011-02-18,10341,2168,3.207,3.125,3.058,3.062,3.43,10341
2011-02-25,10226,2168,3.241,3.175,3.087,3.12,3.53,10226
2011-03-04,10722,2168,3.425,3.403,3.305,3.23,3.674,10722
2011-03-11,10710,2327,3.568,3.521,3.461,3.346,3.818,10710
2011-03-18,11566,2327,3.616,3.561,3.495,3.407,3.892,11566
2011-03-25,11518,2327,3.607,3.554,3.48,3.435,3.909,11518
2011-04-01,11578,2327,3.623,3.587,3.521,3.487,3.968,11578
2011-04-08,11007,2327,3.702,3.718,3.605,3.547,4.003,11007
2011-04-15,10657,2222,3.805,3.841,3.724,3.616,4.089,10657
2011-04-22,12353,2222,3.868,3.883,3.781,3.655,4.134,12353
2011-04-29,11785,2222,3.913,3.938,3.781,3.683,4.151,11785
2011-05-06,11583,2222,3.994,4.047,3.866,3.744,4.193,11583
2011-05-13,10830,2191,4.018,4.018,3.872,3.77,4.202,10830
2011-05-20,12246,2191,4.021,4.01,3.881,3.802,4.169,12246
2011-05-27,12478,2191,3.929,3.852,3.771,3.778,4.087,12478
2011-06-03,11367,2191,3.852,3.836,3.683,3.752,4.031,11367
2011-06-10,11040,2453,3.808,3.894,3.64,3.732,3.981,11040
2011-06-17,11611,2453,3.765,3.76,3.618,3.704,3.935,11611
2011-06-24,11114,2453,3.727,3.651,3.57,3.668,3.898,11114
2011-07-01,11977,2453,3.67,3.529,3.504,3.613,3.842,11977
2011-07-08,11401,2453,3.64,3.631,3.469,3.563,3.793,11401
2011-07-15,11520,2309,3.718,3.704,3.563,3.553,3.779,11520
2011-07-22,12098,2309,3.776,3.729,3.627,3.563,3.794,12098
2011-07-29,11390,2309,3.805,3.73,3.659,3.574,3.805,11390
2011-08-05,11127,2309,3.818,3.753,3.662,3.595,3.803,11127
2011-08-12,11245,2416,3.781,3.701,3.617,3.606,3.794,11245
2011-08-19,11169,2416,3.712,3.619,3.55,3.578,3.743,11169
2011-08-26,11521,2416,3.671,3.605,3.523,3.57,3.74,11521
2011-09-02,10404,2416,3.678,3.709,3.533,3.58,3.798,10404
2011-09-09,10473,2416,3.711,3.745,3.554,3.619,3.913,10473
2011-09-16,10455,2515,3.705,3.717,3.532,3.641,3.918,10455
2011-09-23,11622,2515,3.66,3.609,3.473,3.648,3.906,11622
2011-09-30,10816,2515,3.583,3.467,3.371,3.623,3.877,10816
2011-10-07,11042,2515,3.518,3.358,3.299,3.592,3.827,11042
2011-10-14,9334,2777,3.479,3.373,3.283,3.567,3.805,9334
2011-10-21,11377,2777,3.524,3.45,3.361,3.579,3.842,11377
2011-10-28,11246,2777,3.532,3.396,3.362,3.567,3.843,11246
2011-11-04,10637,2777,3.513,3.422,3.322,3.538,3.828,10637
2011-11-11,10404,2793,3.489,3.375,3.286,3.513,3.824,10404
2011-11-18,10830,2894,3.499,3.414,3.294,3.489,3.813,10830
2011-11-25,11369,2894,3.453,3.308,3.225,3.445,3.76,11369
2011-12-02,12089,2894,3.405,3.227,3.176,3.389,3.701,12089
2011-12-09,11105,2880,3.378,3.251,3.153,3.341,3.644,11105
2011-12-16,9683,2880,3.38,3.266,3.149,3.282,3.6,9683
2011-12-23,11240,2880,3.346,3.186,3.103,3.186,3.541,11240
2011-12-30,10898,2880,3.344,3.27,3.119,3.119,3.556,10898
2012-01-06,11710,2880,3.395,3.308,3.158,3.08,3.599,11710
2012-01-13,10136,2921,3.487,3.395,3.263,3.056,3.657,10136
2012-01-20,11054,2921,3.503,3.403,3.273,3.047,3.66,11054
2012-01-27,11308,2921,3.529,3.346,3.29,3.058,3.675,11308
2012-02-03,10501,2921,3.592,3.39,3.354,3.077,3.702,10501
2012-02-10,10610,3096,3.625,3.45,3.411,3.116,3.722,10610
2012-02-17,11187,3156,3.682,3.444,3.493,3.119,3.781,11187
2012-02-24,10879,3156,3.725,3.504,3.541,3.145,3.95,10879
2012-03-02,10504,3156,3.805,3.662,3.619,3.242,4.178,10504
2012-03-09,10487,3156,3.838,3.781,3.667,3.38,4.25,10487
2012-03-16,10053,2734,3.843,3.847,3.707,3.529,4.273,10053
2012-03-23,11039,2734,3.883,3.877,3.759,3.671,4.288,11039
2012-03-30,11812,2734,3.942,3.937,3.82,3.734,4.294,11812
2012-04-06,10350,2734,3.983,3.941,3.864,3.793,4.282,10350
2012-04-13,10392,2726,4.02,3.897,3.881,3.833,4.254,10392
2012-04-20,10625,2726,4.0,3.891,3.864,3.845,4.222,10625
2012-04-27,10631,2726,3.958,3.811,3.81,3.842,4.193,10631
2012-05-04,10610,2726,3.904,3.788,3.747,3.831,4.171,10610
2012-05-11,11177,2891,3.838,3.761,3.685,3.809,4.186,11177
2012-05-18,10514,2891,3.778,3.679,3.62,3.808,4.308,10514
2012-05-25,10890,2891,3.713,3.665,3.551,3.801,4.293,10890
2012-06-01,10917,2891,3.652,3.631,3.483,3.788,4.277,10917
2012-06-08,11329,2935,3.595,3.558,3.433,3.776,4.236,11329
2012-06-15,11865,2935,3.533,3.578,3.372,3.756,4.144,11865
2012-06-22,11196,2935,3.484,3.598,3.329,3.737,4.014,11196
2012-06-29,11068,2935,3.427,3.466,3.257,3.681,3.875,11068
2012-07-06,10787,2935,3.377,3.357,3.187,3.63,3.765,10787
2012-07-13,10658,2935,3.437,3.48,3.224,3.595,3.723,10658
2012-07-20,12213,2846,3.483,3.458,3.263,3.556,3.726,12213
2012-07-27,10129,2846,3.568,3.52,3.356,3.537,3.769,10129
2012-08-03,10563,2846,3.577,3.553,3.374,3.512,3.76,10563
2012-08-10,11129,2866,3.678,3.813,3.476,3.509,3.811,11129
2012-08-17,10099,2866,3.758,3.826,3.552,3.545,4.002,10099
2012-08-24,11605,2866,3.792,3.801,3.61,3.582,4.055,11605
2012-08-31,10351,2866,3.833,3.818,3.646,3.624,4.093,10351
2012-09-07,10794,2866,3.894,3.914,3.709,3.689,4.124,10794
2012-09-14,12017,2913,3.911,3.897,3.706,3.749,4.133,12017
2012-09-21,9642,2913,3.962,3.932,3.721,3.821,4.125,9642
2012-09-28,10097,2913,3.914,3.853,3.666,3.821,4.116,10097
2012-10-05,9753,2913,3.887,3.823,3.62,3.815,4.132,9753
2012-10-12,10544,2778,3.884,3.812,3.603,3.797,4.468,10544
2012-10-19,11166,2778,3.88,3.726,3.61,3.781,4.449,11166
2012-10-26,9932,2778,3.789,3.528,3.514,3.755,4.301,9932
2012-11-02,9772,2778,3.679,3.435,3.404,3.702,4.099,9772
2012-11-09,10027,2819,3.625,3.367,3.337,3.663,3.951,10027
2012-11-16,9885,2819,3.581,3.377,3.271,3.612,3.834,9885
2012-11-23,9993,2819,3.569,3.387,3.233,3.562,3.759,9993
2012-11-30,10506,2819,3.574,3.432,3.24,3.524,3.719,10506
2012-12-07,10772,2819,3.547,3.364,3.227,3.456,3.668,10772
2012-12-14,10819,2944,3.507,3.328,3.193,3.379,3.597,10819
2012-12-21,10273,2944,3.439,3.187,3.112,3.263,3.51,10273
2012-12-28,9037,2944,3.445,3.217,3.125,3.147,3.48,9037
2013-01-04,10436,2944,3.492,3.266,3.177,3.066,3.51,10436
2013-01-11,9808,2944,3.529,3.19,3.235,2.982,3.542,9808
2013-01-18,9891,3091,3.537,3.204,3.232,2.914,3.545,9891
2013-01-25,10203,3091,3.509,3.269,3.22,2.927,3.558,10203
2013-02-01,9330,3091,3.537,3.333,3.232,3.029,3.6,9330
2013-02-08,9579,3091,3.677,3.556,3.401,3.192,3.795,9579
2013-02-15,9616,3091,3.733,3.624,3.451,3.323,3.924,9616
2013-02-22,9738,3283,3.836,3.806,3.602,3.459,4.031,9738
2013-03-01,9335,3283,3.885,3.778,3.694,3.521,4.109,9335
2013-03-08,9735,3283,3.851,3.752,3.647,3.526,4.125,9735
2013-03-15,8878,2894,3.816,3.661,3.611,3.518,4.104,8878
2013-03-22,9723,2894,3.781,3.689,3.593,3.518,4.062,9723
2013-03-29,9783,2894,3.753,3.699,3.575,3.518,4.016,9783
2013-04-05,9832,2894,3.724,3.641,3.552,3.547,3.998,9832
2013-04-12,9699,2894,3.68,3.596,3.504,3.576,3.981,9699
2013-04-19,9621,2893,3.628,3.497,3.436,3.559,3.941,9621
2013-04-26,10529,2893,3.575,3.591,3.397,3.541,3.889,10529
2013-05-03,10213,2893,3.555,3.596,3.369,3.535,3.853,10213
2013-05-10,9559,2893,3.549,3.651,3.371,3.543,3.863,9559
2013-05-17,10403,2730,3.579,3.715,3.437,3.609,3.989,10403
2013-05-24,10090,2730,3.583,3.903,3.462,3.72,4.004,10090
2013-05-31,9311,2730,3.594,3.818,3.438,3.773,3.984,9311
2013-06-07,9977,2730,3.579,3.877,3.413,3.779,3.942,9977
2013-06-14,10208,2730,3.587,3.91,3.415,3.771,3.93,10208
2013-06-21,10952,2857,3.599,3.78,3.453,3.74,3.941,10952
2013-06-28,9150,2857,3.599,3.59,3.452,3.726,4.003,9150
2013-07-05,9060,2857,3.56,3.439,3.385,3.696,3.947,9060
2013-07-12,9903,2857,3.553,3.456,3.368,3.666,3.929,9903
2013-07-19,10011,2955,3.681,3.686,3.518,3.665,3.98,10011
2013-07-26,10208,2955,3.746,3.708,3.58,3.669,4.007,10208
2013-08-02,10149,2955,3.738,3.623,3.552,3.695,3.983,10149
2013-08-09,9691,2955,3.719,3.637,3.52,3.692,3.939,9691
2013-08-16,9688,3245,3.664,3.525,3.464,3.699,3.892,9688
2013-08-23,10405,3245,3.651,3.548,3.449,3.693,3.829,10405
2013-08-30,10206,3245,3.649,3.572,3.459,3.675,3.797,10206
2013-09-06,9523,3245,3.7,3.679,3.484,3.678,3.803,9523
2013-09-13,9465,3245,3.682,3.619,3.454,3.684,3.851,9465
2013-09-20,10076,3428,3.629,3.535,3.379,3.664,3.955,10076
2013-09-27,10150,3428,3.556,3.506,3.308,3.639,3.921,10150
2013-10-04,10037,3428,3.509,3.399,3.254,3.602,3.858,10037
2013-10-11,10122,3428,3.461,3.324,3.206,3.56,3.791,10122
2013-10-18,9389,3428,3.448,3.349,3.188,3.512,3.739,9389
2013-10-25,9595,3379,3.455,3.367,3.208,3.48,3.709,9595
2013-11-01,9301,3379,3.42,3.255,3.151,3.422,3.663,9301
2013-11-08,9803,3379,3.391,3.243,3.112,3.361,3.617,9803
2013-11-15,9442,3379,3.345,3.133,3.057,3.282,3.561,9442
2013-11-22,9496,3443,3.381,3.185,3.084,3.238,3.52,9496
2013-11-29,9786,3443,3.484,3.249,3.216,3.202,3.511,9786
2013-12-06,8413,3443,3.488,3.179,3.203,3.17,3.529,8413
2013-12-13,9739,3443,3.482,3.19,3.18,3.133,3.531,9739
2013-12-20,9145,3641,3.472,3.135,3.124,3.111,3.526,9145
2013-12-27,8818,3641,3.48,3.216,3.139,3.112,3.538,8818
2014-01-03,9383,3641,3.511,3.319,3.197,3.155,3.581,9383
2014-01-10,8267,3641,3.538,3.278,3.2,3.175,3.602,8267
2014-01-17,9203,3641,3.512,3.309,3.185,3.203,3.581,9203
2014-01-24,9914,3722,3.491,3.255,3.181,3.2,3.547,9914
2014-01-31,8849,3722,3.48,3.272,3.171,3.189,3.541,8849
2014-02-07,9700,3722,3.463,3.289,3.162,3.179,3.548,9700
2014-02-14,9077,3722,3.453,3.339,3.163,3.192,3.573,9077
2014-02-21,8638,3813,3.512,3.413,3.257,3.294,3.629,8638
2014-02-28,9014,3813,3.564,3.493,3.287,3.378,3.709,9014
2014-03-07,9155,3813,3.573,3.55,3.303,3.445,3.766,9155
2014-03-14,9124,3813,3.59,3.589,3.328,3.491,3.811,9124
2014-03-21,9504,3813,3.619,3.627,3.358,3.51,3.868,9504
2014-03-28,8501,3609,3.625,3.604,3.395,3.512,3.88,8501
2014-04-04,9119,3609,3.653,3.641,3.418,3.505,3.909,9119
2014-04-11,10289,3609,3.678,3.632,3.469,3.5,3.938,10289
2014-04-18,9667,3609,3.707,3.687,3.548,3.49,4.037,9667
2014-04-25,9328,3075,3.76,3.695,3.568,3.499,4.086,9328
2014-05-02,8857,3075,3.803,3.717,3.568,3.538,4.131,8857
2014-05-09,9292,3075,3.798,3.65,3.543,3.559,4.112,9292
2014-05-16,8709,3075,3.779,3.653,3.515,3.57,4.079,8709
2014-05-23,9826,3153,3.763,3.667,3.517,3.566,4.072,9826
2014-05-30,9458,3153,3.759,3.708,3.512,3.563,4.061,9458
2014-06-06,8828,3153,3.747,3.771,3.517,3.563,4.062,8828
2014-06-13,9272,3153,3.736,3.747,3.495,3.568,4.05,9272
2014-06-20,8953,3392,3.741,3.769,3.505,3.59,4.054,8953
2014-06-27,8800,3392,3.768,3.748,3.571,3.665,4.066,8800
2014-07-04,9088,3392,3.778,3.724,3.56,3.689,4.09,9088
2014-07-11,9102,3392,3.761,3.669,3.539,3.702,4.091,9102
2014-07-18,9195,3392,3.731,3.593,3.517,3.704,4.054,9195
2014-07-25,9419,3807,3.69,3.552,3.47,3.699,4.01,9419
2014-08-01,8862,3807,3.646,3.464,3.429,3.704,3.976,8862
2014-08-08,9763,3807,3.609,3.473,3.385,3.701,3.945,9763
2014-08-15,9737,3807,3.572,3.508,3.351,3.711,3.922,9737
2014-08-22,8881,3721,3.54,3.451,3.343,3.716,3.897,8881
2014-08-29,9651,3721,3.508,3.456,3.319,3.708,3.877,9651
2014-09-05,9259,3721,3.514,3.493,3.296,3.696,3.848,9259
2014-09-12,9614,3721,3.512,3.499,3.302,3.682,3.825,9614
2014-09-19,8504,3721,3.482,3.416,3.253,3.65,3.792,8504
2014-09-26,8550,3974,3.45,3.334,3.209,3.6,3.735,8550
2014-10-03,9197,3974,3.444,3.359,3.238,3.552,3.697,9197
2014-10-10,9113,3974,3.421,3.257,3.193,3.491,3.663,9113
2014-10-17,8747,3974,3.345,3.144,3.093,3.403,3.59,8747
2014-10-24,8768,4018,3.248,3.089,2.999,3.314,3.478,8768
2014-10-31,8607,4018,3.163,3.075,2.917,3.26,3.379,8607
2014-11-07,8649,4018,3.106,3.02,2.857,3.205,3.291,8649
2014-11-14,9203,4018,3.06,2.966,2.811,3.138,3.222,9203
2014-11-21,8976,3778,3.022,2.918,2.761,3.073,3.167,8976
2014-11-28,9060,3778,2.968,2.825,2.683,2.996,3.101,9060
2014-12-05,9218,3778,2.935,2.778,2.621,2.922,3.07,9218
2014-12-12,9445,3778,2.853,2.65,2.529,2.804,2.993,9445
2014-12-19,10718,3759,2.753,2.479,2.418,2.652,2.887,10718
2014-12-26,9144,3759,2.641,2.288,2.265,2.453,2.753,9144
2015-01-02,9520,3759,2.556,2.151,2.163,2.296,2.671,9520
2015-01-09,9396,3759,2.474,2.038,2.082,2.182,2.638,9396
2015-01-16,9367,3759,2.369,2.018,2.0,2.051,2.547,9367
2015-01-23,9841,4092,2.274,1.984,1.933,1.972,2.438,9841
2015-01-30,9463,4092,2.22,2.001,1.939,1.934,2.387,9463
2015-02-06,9198,4092,2.203,2.093,1.949,1.929,2.386,9198
2015-02-13,9047,4092,2.304,2.231,2.07,2.008,2.533,9047
2015-02-20,9563,4427,2.366,2.302,2.16,2.055,2.681,9563
2015-02-27,9395,4427,2.414,2.336,2.195,2.101,2.819,9395
2015-03-06,8344,4427,2.496,2.44,2.301,2.184,3.194,8344
2015-03-13,9730,4427,2.529,2.4,2.313,2.296,3.245,9730
2015-03-20,9216,4260,2.51,2.344,2.306,2.355,3.181,9216
2015-03-27,9178,4260,2.473,2.451,2.275,2.372,3.108,9178
2015-04-03,10306,4260,2.484,2.44,2.273,2.383,3.061,10306
2015-04-10,9238,4260,2.466,2.375,2.271,2.389,3.017,9238
2015-04-17,9941,4260,2.47,2.367,2.275,2.421,2.983,9941
2015-04-24,9976,3983,2.553,2.463,2.328,2.498,3.028,9976
2015-05-01,8076,3983,2.627,2.506,2.391,2.55,3.244,8076
2015-05-08,9271,3983,2.686,2.565,2.468,2.639,3.483,9271
2015-05-15,9427,3983,2.717,2.573,2.522,2.71,3.508,9427
2015-05-22,8869,3794,2.736,2.664,2.552,2.764,3.578,8869
2015-05-29,9105,3794,2.773,2.721,2.572,2.805,3.553,9105
2015-06-05,8527,3794,2.779,2.762,2.567,2.814,3.506,8527
2015-06-12,9372,3794,2.798,2.745,2.623,2.832,3.441,9372
2015-06-19,8865,4312,2.849,2.862,2.678,2.86,3.396,8865
2015-06-26,10067,4312,2.837,2.811,2.662,2.864,3.389,10067
2015-07-03,9622,4312,2.836,2.806,2.631,2.867,3.368,9622
2015-07-10,9453,4312,2.827,2.805,2.61,2.882,3.357,9453
2015-07-17,10200,4312,2.816,2.791,2.617,2.889,3.66,10200
2015-07-24,9711,4312,2.779,2.738,2.577,2.911,3.674,9711
2015-07-31,9107,4460,2.741,2.649,2.53,2.925,3.615,9107
2015-08-07,9917,4460,2.696,2.584,2.485,2.897,3.549,9917
2015-08-14,10652,4460,2.647,2.544,2.43,2.867,3.426,10652
2015-08-21,9247,4172,2.618,2.866,2.429,2.905,3.429,9247
2015-08-28,9973,4172,2.559,2.746,2.379,2.892,3.349,9973
2015-09-04,9371,4172,2.473,2.545,2.291,2.843,3.229,9371
2015-09-11,8847,4172,2.438,2.419,2.231,2.809,3.156,8847
2015-09-18,9123,4172,2.389,2.359,2.186,2.762,3.056,9123
2015-09-25,9645,4561,2.337,2.354,2.12,2.688,2.975,9645
2015-10-02,8802,4561,2.321,2.407,2.109,2.621,2.899,8802
2015-10-09,9410,4561,2.309,2.435,2.132,2.56,2.85,9410
2015-10-16,9165,4561,2.33,2.486,2.148,2.509,2.812,9165
2015-10-23,8851,4197,2.299,2.382,2.1,2.441,2.763,8851
2015-10-30,8155,4197,2.264,2.308,2.046,2.385,2.742,8155
2015-11-06,9093,4197,2.25,2.351,2.018,2.322,2.714,9093
2015-11-13,8437,4197,2.299,2.299,2.07,2.264,2.732,8437
2015-11-20,9025,4598,2.291,2.168,2.027,2.216,2.7,9025
2015-11-27,9416,4598,2.243,2.015,1.956,2.172,2.642,9416
2015-12-04,10095,4598,2.223,1.959,1.929,2.132,2.614,10095
2015-12-11,10429,4598,2.21,1.974,1.921,2.093,2.599,10429
2015-12-18,8910,4343,2.182,1.986,1.892,2.074,2.577,8910
2015-12-25,9462,4343,2.173,1.929,1.887,2.075,2.635,9462
2016-01-01,9103,4343,2.154,1.959,1.865,2.052,2.698,9103
2016-01-08,9861,4343,2.138,1.945,1.854,2.045,2.731,9861
2016-01-15,10042,4343,2.11,1.906,1.831,2.028,2.698,10042
2016-01-22,10008,4364,2.045,1.796,1.778,1.988,2.591,10008
2016-01-29,10330,4364,2.006,1.714,1.734,1.943,2.526,10330
2016-02-05,9043,4364,1.977,1.708,1.697,1.886,2.443,9043
2016-02-12,10231,4364,1.936,1.602,1.667,1.835,2.379,10231
2016-02-19,9800,4364,1.898,1.606,1.632,1.773,2.283,9800
2016-02-26,10209,4772,1.876,1.693,1.631,1.754,2.206,10209
2016-03-04,9989,4772,1.88,1.803,1.662,1.78,2.277,9989
2016-03-11,9647,4772,1.918,1.896,1.706,1.863,2.313,9647
2016-03-18,10254,4772,2.02,2.012,1.85,1.946,2.463,10254
2016-03-25,9470,4772,2.075,2.021,1.91,1.982,2.547,9470
2016-04-01,9468,4023,2.155,2.038,1.969,2.029,2.639,9468
2016-04-08,10009,4023,2.165,2.07,1.973,2.049,2.647,10009
2016-04-15,10026,4023,2.168,2.048,1.94,2.086,2.63,10026
2016-04-22,10044,3998,2.23,2.139,2.013,2.165,2.658,10044
2016-04-29,9858,3998,2.258,2.181,2.019,2.204,2.663,9858
2016-05-06,9697,3998,2.346,2.269,2.099,2.257,2.702,9697
2016-05-13,9787,3998,2.35,2.202,2.094,2.302,2.701,9787
2016-05-20,9944,3998,2.35,2.263,2.093,2.33,2.71,9944
2016-05-27,9898,4218,2.384,2.365,2.171,2.39,2.724,9898
2016-06-03,10031,4218,2.42,2.425,2.198,2.403,2.738,10031
2016-06-10,10048,4218,2.447,2.495,2.25,2.401,2.763,10048
2016-06-17,10721,4218,2.441,2.554,2.243,2.408,2.786,10721
2016-06-24,10466,4492,2.412,2.458,2.203,2.415,2.785,10466
2016-07-01,10568,4492,2.392,2.378,2.204,2.403,2.832,10568
2016-07-08,10114,4492,2.369,2.297,2.18,2.389,2.826,10114
2016-07-15,10580,4492,2.336,2.243,2.152,2.372,2.797,10580
2016-07-22,10796,4578,2.296,2.242,2.115,2.361,2.787,10796
2016-07-29,10918,4578,2.263,2.165,2.088,2.349,2.734,10918
2016-08-05,10607,4578,2.244,2.164,2.054,2.34,2.677,10607
2016-08-12,10364,4578,2.21,2.204,2.038,2.314,2.635,10364
2016-08-19,11169,4578,2.221,2.208,2.052,2.301,2.596,11169
2016-08-26,11036,4976,2.27,2.259,2.076,2.314,2.637,11036
2016-09-02,9103,4066,2.314,2.313,2.118,2.347,2.656,9103
2016-09-09,10262,4203,2.314,2.269,2.113,2.352,2.66,10262
2016-09-16,10343,5736,2.291,2.222,2.085,2.361,2.699,10343
2016-09-23,9978,5464,2.334,2.244,2.079,2.353,2.717,9978
2016-09-30,9968,5290,2.345,2.236,2.076,2.333,2.716,9968
2016-10-07,9866,4611,2.347,2.266,2.12,2.328,2.743,9866
2016-10-14,9127,3946,2.372,2.313,2.152,2.328,2.74,9127
2016-10-21,9068,4600,2.38,2.247,2.153,2.356,2.744,9068
2016-10-28,10957,4598,2.374,2.198,2.165,2.374,2.745,10957
2016-11-04,9232,4890,2.361,2.166,2.153,2.383,2.763,9232
2016-11-11,10907,5239,2.384,2.174,2.127,2.358,2.753,10907
2016-11-18,9951,4812,2.362,2.087,2.087,2.324,2.712,9951
2016-11-25,10061,5082,2.318,2.108,2.032,2.276,2.657,10061
2016-12-02,10515,5266,2.312,2.131,2.021,2.237,2.638,10515
2016-12-09,9344,5744,2.376,2.201,2.092,2.211,2.637,9344
2016-12-16,10225,5431,2.403,2.254,2.118,2.21,2.623,10225
2016-12-23,9876,6494,2.433,2.284,2.164,2.223,2.629,9876
2016-12-30,9428,5672,2.456,2.372,2.191,2.26,2.659,9428
2017-01-06,11121,5946,2.528,2.435,2.258,2.32,2.72,11121
2017-01-13,10655,5314,2.537,2.433,2.277,2.345,2.748,10655
2017-01-20,10290,5540,2.516,2.37,2.251,2.351,2.748,10290
2017-01-27,10302,5289,2.491,2.306,2.233,2.344,2.743,10302
2017-02-03,11916,5948,2.466,2.255,2.2,2.345,2.746,11916
2017-02-10,10479,5533,2.447,2.269,2.183,2.323,2.766,10479
2017-02-17,9485,5898,2.439,2.302,2.19,2.32,2.801,9485
2017-02-24,9911,5335,2.439,2.279,2.181,2.342,2.819,9911
2017-03-03,10446,6224,2.433,2.301,2.181,2.365,2.867,10446
2017-03-10,9558,5685,2.433,2.358,2.205,2.378,2.903,9558
2017-03-17,10284,5334,2.421,2.306,2.188,2.399,2.92,10284
2017-03-24,10604,6210,2.414,2.313,2.186,2.399,2.918,10604
2017-03-31,10022,5310,2.423,2.276,2.199,2.397,2.917,10022
2017-04-07,9333,5033,2.45,2.372,2.236,2.389,2.921,9333
2017-04-14,9793,5867,2.519,2.454,2.303,2.423,2.941,9793
2017-04-21,11280,5979,2.541,2.431,2.352,2.464,2.951,11280
2017-04-28,10297,5275,2.559,2.451,2.337,2.503,2.959,10297
2017-05-05,10179,5275,2.531,2.382,2.309,2.493,2.948,10179
2017-05-12,10636,6005,2.493,2.323,2.28,2.482,2.932,10636
2017-05-19,10494,5267,2.467,2.363,2.242,2.474,2.94,10494
2017-05-26,10222,6233,2.474,2.409,2.261,2.471,3.002,10222
2017-06-02,10633,5117,2.486,2.393,2.268,2.512,3.027,10633
2017-06-09,9816,5170,2.493,2.414,2.285,2.523,3.011,9816
2017-06-16,10142,4897,2.458,2.341,2.255,2.513,2.96,10142
2017-06-23,9832,5599,2.417,2.277,2.208,2.508,2.929,9832
2017-06-30,10033,5116,2.379,2.269,2.169,2.482,2.893,10033
2017-07-07,9421,5620,2.354,2.235,2.124,2.442,2.884,9421
2017-07-14,9972,5537,2.372,2.323,2.149,2.437,2.885,9972
2017-07-21,10128,5540,2.365,2.277,2.147,2.425,2.872,10128
2017-07-28,10079,5079,2.411,2.312,2.186,2.436,2.873,10079
2017-08-04,10368,4890,2.453,2.377,2.203,2.437,2.901,10368
2017-08-11,10266,5633,2.481,2.38,2.273,2.482,2.911,10266
2017-08-18,10662,5339,2.474,2.396,2.266,2.518,2.933,10662
2017-08-25,10496,5411,2.451,2.345,2.238,2.546,2.953,10496
2017-09-01,8913,2180,2.485,2.406,2.274,2.561,2.969,8913
2017-09-08,8433,3735,2.864,2.639,2.621,2.694,3.084,8433
2017-09-15,9422,5417,2.871,2.64,2.616,2.704,3.106,9422
2017-09-22,10342,6085,2.833,2.544,2.582,2.691,3.09,10342
2017-09-29,9774,7023,2.785,2.466,2.541,2.673,3.071,9774
2017-10-06,9801,5945,2.737,2.503,2.501,2.659,3.042,9801
2017-10-13,9716,6846,2.669,2.432,2.435,2.635,3.014,9716
2017-10-20,9819,7663,2.619,2.474,2.382,2.618,3.005,9819
2017-10-27,9629,7678,2.596,2.49,2.345,2.62,2.993,9629
2017-11-03,9550,5854,2.595,2.524,2.338,2.605,2.997,9550
2017-11-10,9981,6142,2.623,2.645,2.372,2.627,3.12,9981
2017-11-17,9795,7012,2.692,2.622,2.422,2.631,3.156,9795
2017-11-24,9100,7328,2.672,2.595,2.406,2.632,3.123,9100
2017-12-01,9170,6399,2.655,2.52,2.381,2.629,3.105,9170
2017-12-08,9623,5632,2.638,2.455,2.37,2.627,3.075,9623
2017-12-15,10315,7553,2.614,2.47,2.338,2.608,3.043,10315
2017-12-22,10157,6797,2.588,2.422,2.289,2.567,3.029,10157
2017-12-29,9843,5945,2.576,2.508,2.294,2.542,3.037,9843
2018-01-05,9592,6145,2.641,2.553,2.36,2.529,3.046,9592
2018-01-12,9535,6356,2.65,2.527,2.364,2.534,3.083,9535
2018-01-19,10290,6213,2.666,2.605,2.398,2.549,3.084,10290
2018-01-26,11245,6649,2.705,2.567,2.431,2.568,3.096,11245
2018-02-02,10163,5722,2.735,2.608,2.468,2.577,3.161,10163
2018-02-09,9834,6274,2.761,2.633,2.49,2.589,3.218,9834
2018-02-16,8937,6752,2.754,2.56,2.453,2.605,3.214,8937
2018-02-23,9105,5669,2.709,2.487,2.4,2.582,3.204,9105
2018-03-02,10587,6403,2.68,2.502,2.374,2.549,3.21,10587
2018-03-09,9582,6649,2.685,2.526,2.402,2.531,3.215,9582
2018-03-16,8934,6566,2.661,2.537,2.397,2.516,3.244,8934
2018-03-23,10314,6491,2.687,2.594,2.427,2.536,3.29,10314
2018-03-30,10604,6919,2.74,2.612,2.504,2.625,3.347,10604
2018-04-06,10554,6229,2.795,2.661,2.551,2.698,3.4,10554
2018-04-13,9770,6725,2.786,2.651,2.545,2.741,3.401,9770
2018-04-20,10520,8332,2.833,2.701,2.616,2.835,3.438,10520
2018-04-27,10779,7158,2.897,2.757,2.666,2.875,3.462,10779
2018-05-04,9855,6692,2.935,2.823,2.705,2.909,3.503,9855
2018-05-11,9773,7205,2.938,2.796,2.705,2.926,3.534,9773
2018-05-18,11018,6881,2.885,2.835,2.675,3.002,3.486,11018
2018-05-25,10291,6822,2.927,2.904,2.739,3.052,3.514,10291
2018-06-01,10207,7031,2.976,2.935,2.783,3.078,3.542,10207
2018-06-08,10712,6712,2.947,2.902,2.789,3.084,3.539,10712
2018-06-15,10139,7597,2.908,2.871,2.76,3.079,3.53,10139
2018-06-22,10400,8544,2.868,2.844,2.719,3.066,3.512,10400
2018-06-29,11382,7476,2.83,2.773,2.68,3.049,3.487,11382
2018-07-06,9324,7654,2.838,2.818,2.67,3.054,3.474,9324
2018-07-13,11121,6203,2.849,2.838,2.684,3.059,3.475,11121
2018-07-20,10255,8051,2.87,2.851,2.666,3.049,3.459,10255
2018-07-27,10045,6338,2.845,2.793,2.638,3.027,3.438,10045
2018-08-03,10225,7052,2.86,2.821,2.657,3.005,3.429,10225
2018-08-10,11121,6869,2.871,2.828,2.654,3.015,3.422,11121
2018-08-17,10121,6528,2.872,2.803,2.65,3.031,3.409,10121
2018-08-24,10158,6626,2.846,2.785,2.632,3.052,3.388,10158
2018-08-31,10024,5569,2.834,2.814,2.635,3.084,3.391,10024
2018-09-07,10519,6688,2.845,2.784,2.616,3.098,3.41,10519
2018-09-14,10353,7590,2.856,2.794,2.639,3.097,3.417,10353
2018-09-21,10082,7837,2.857,2.815,2.628,3.101,3.426,10082
2018-09-28,10463,7398,2.843,2.843,2.626,3.101,3.432,10463
2018-10-05,9805,7475,2.865,2.843,2.66,3.089,3.498,9805
2018-10-12,9723,7554,2.898,2.876,2.692,3.089,3.561,9723
2018-10-19,9383,7528,2.88,2.811,2.692,3.072,3.58,9383
2018-10-26,9043,7839,2.849,2.742,2.648,3.053,3.584,9043
2018-11-02,9443,7337,2.807,2.735,2.591,3.048,3.565,9443
2018-11-09,9093,6455,2.754,2.659,2.524,3.023,3.533,9093
2018-11-16,9386,7171,2.696,2.567,2.455,2.98,3.483,9386
2018-11-23,10096,8714,2.629,2.472,2.377,2.918,3.43,10096
2018-11-30,8838,9049,2.573,2.372,2.286,2.886,3.392,8838
2018-12-07,9136,7814,2.498,2.256,2.193,2.809,3.322,9136
2018-12-14,9235,7777,2.459,2.268,2.145,2.745,3.252,9235
2018-12-21,9498,8856,2.428,2.192,2.103,2.667,3.196,9498
2018-12-28,9008,7616,2.373,2.139,2.051,2.575,3.169,9008
2019-01-04,9931,6937,2.328,2.06,1.998,2.521,3.137,9931
2019-01-11,9922,7685,2.293,2.059,1.958,2.466,3.097,9922
2019-01-18,10312,6954,2.295,2.102,1.981,2.398,3.065,10312
2019-01-25,8707,6998,2.318,2.094,1.986,2.364,3.043,8707
2019-02-01,9908,8022,2.324,2.104,2.031,2.323,3.014,9908
2019-02-08,8172,7541,2.319,2.132,2.003,2.268,3.001,8172
2019-02-15,9436,8330,2.311,2.203,2.031,2.258,3.013,9436
2019-02-22,8002,8164,2.34,2.259,2.118,2.274,3.014,8002
2019-03-01,8911,8272,2.422,2.357,2.181,2.284,3.024,8911
2019-03-08,8898,7785,2.457,2.38,2.248,2.302,3.035,8898
2019-03-15,9048,7589,2.501,2.45,2.284,2.343,3.066,9048
2019-03-22,8761,8084,2.588,2.527,2.368,2.411,3.114,8761
2019-03-29,8870,7594,2.637,2.614,2.445,2.487,3.232,8870
2019-04-05,8635,7545,2.688,2.679,2.513,2.558,3.353,8635
2019-04-12,8706,7716,2.722,2.724,2.518,2.628,3.508,8706
2019-04-19,10000,8230,2.788,2.788,2.601,2.729,3.672,10000
2019-04-26,9668,7767,2.803,2.775,2.601,2.847,3.72,9668
2019-05-03,9227,7548,2.85,2.817,2.649,2.93,3.764,9227
2019-05-10,9769,8562,2.863,2.821,2.623,3.007,3.796,9769
2019-05-17,9700,8067,2.826,2.791,2.584,3.052,3.778,9700
2019-05-24,9424,8563,2.796,2.796,2.585,3.07,3.754,9424
2019-05-31,10533,8344,2.77,2.766,2.54,3.068,3.717,10533
2019-06-07,10172,7852,2.737,2.801,2.492,3.07,3.678,10172
2019-06-14,9571,8831,2.695,2.676,2.429,3.037,3.605,9571
2019-06-21,8701,9377,2.633,2.597,2.405,2.999,3.537,8701
2019-06-28,9272,7925,2.617,2.619,2.367,2.957,3.475,9272
2019-07-05,9988,8337,2.699,2.684,2.437,2.913,3.474,9988
2019-07-12,9225,7058,2.733,2.724,2.486,2.886,3.467,9225
2019-07-19,9633,7994,2.752,2.82,2.523,2.86,3.445,9633
2019-07-26,9333,8401,2.745,2.745,2.532,2.823,3.416,9333
2019-08-02,9764,6919,2.703,2.716,2.491,2.796,3.395,9764
2019-08-09,10358,7736,2.673,2.69,2.455,2.787,3.383,10358
2019-08-16,9441,8088,2.629,2.579,2.394,2.776,3.347,9441
2019-08-23,8574,8332,2.594,2.574,2.338,2.758,3.329,8574
2019-08-30,9165,8384,2.561,2.552,2.332,2.738,3.314,9165
2019-09-06,8541,7921,2.557,2.521,2.296,2.717,3.341,8541
2019-09-13,8909,8725,2.539,2.494,2.307,2.721,3.344,8909
2019-09-20,8788,8095,2.53,2.513,2.304,2.743,3.343,8788
2019-09-27,8274,7788,2.615,2.641,2.425,2.788,3.429,8274
2019-10-04,8590,8620,2.584,2.545,2.396,2.8,3.651,8590
2019-10-11,8202,8233,2.564,2.556,2.353,2.803,3.748,8202
2019-10-18,7998,8619,2.54,2.536,2.328,2.798,3.768,7998
2019-10-25,9201,8428,2.559,2.532,2.35,2.819,3.748,9201
2019-11-01,8463,7024,2.531,2.466,2.315,2.828,3.696,8463
2019-11-08,8166,7727,2.553,2.471,2.3,2.883,3.703,8166
2019-11-15,8101,8411,2.552,2.493,2.334,2.912,3.688,8101
2019-11-22,8798,8685,2.53,2.493,2.291,2.926,3.632,8798
2019-11-29,8351,8413,2.538,2.461,2.31,2.917,3.561,8351
2019-12-06,9085,8937,2.554,2.48,2.297,2.908,3.499,9085
2019-12-13,9373,8602,2.554,2.482,2.274,2.885,3.429,9373
2019-12-20,8718,9126,2.535,2.448,2.3,2.826,3.366,8718
2019-12-27,8404,10134,2.54,2.46,2.287,2.787,3.32,8404
2020-01-03,8843,8233,2.576,2.507,2.352,2.759,3.31,8843
2020-01-10,8370,8296,2.613,2.49,2.347,2.737,3.297,8370
2020-01-17,8801,8786,2.595,2.498,2.345,2.704,3.289,8801
2020-01-24,8508,9360,2.572,2.447,2.301,2.67,3.275,8508
2020-01-31,9203,9153,2.527,2.43,2.267,2.647,3.26,9203
2020-02-07,8723,8328,2.472,2.372,2.207,2.624,3.248,8723
2020-02-14,8083,9290,2.448,2.319,2.162,2.605,3.237,8083
2020-02-21,7903,9197,2.443,2.363,2.158,2.57,3.228,7903
2020-02-28,8209,9731,2.478,2.412,2.223,2.538,3.235,8209
2020-03-06,8711,9050,2.43,2.36,2.185,2.516,3.226,8711
2020-03-13,8967,9847,2.382,2.294,2.133,2.477,3.201,8967
2020-03-20,8132,9479,2.274,2.098,2.042,2.418,3.113,8132
2020-03-27,8255,8451,2.166,1.935,1.936,2.334,2.969,8255
2020-04-03,7943,8362,2.064,1.799,1.838,2.204,2.852,7943
2020-04-10,7502,9783,2.006,1.691,1.73,2.108,2.774,7502
2020-04-17,6446,8028,1.962,1.613,1.649,2.021,2.672,6446
2020-04-24,7110,8676,1.929,1.572,1.618,1.967,2.611,7110
2020-05-01,7476,7874,1.894,1.539,1.582,1.91,2.549,7476
2020-05-08,7181,7459,1.878,1.633,1.562,1.873,2.536,7181
2020-05-15,7307,6919,1.898,1.808,1.574,1.861,2.548,7307
2020-05-22,8755,7523,1.917,1.841,1.616,1.918,2.575,8755
2020-05-29,8014,7220,1.987,1.943,1.669,2.09,2.647,8014
2020-06-05,8923,7057,1.995,1.951,1.691,2.192,2.674,8923
2020-06-12,8294,6815,2.029,2.043,1.751,2.273,2.725,8294
2020-06-19,8737,7786,2.101,2.081,1.848,2.33,2.773,8737
2020-06-26,7906,7836,2.129,2.112,1.888,2.368,2.813,7906
2020-07-03,9631,7604,2.164,2.166,1.943,2.409,2.845,9631
2020-07-10,7300,7375,2.179,2.158,1.931,2.423,2.86,7300
2020-07-17,7863,7893,2.19,2.182,1.942,2.427,2.89,7863
2020-07-24,7255,7290,2.184,2.148,1.947,2.419,2.906,7255
2020-07-31,8260,8078,2.172,2.134,1.927,2.426,2.917,8260
2020-08-07,7923,7805,2.183,2.113,1.919,2.472,2.923,7923
2020-08-14,7081,7790,2.171,2.117,1.885,2.471,2.917,7081
2020-08-21,8048,7882,2.165,2.108,1.923,2.446,2.926,8048
2020-08-28,6520,8071,2.174,2.13,1.94,2.449,2.948,6520
2020-09-04,7615,7186,2.233,2.179,1.962,2.447,2.952,7615
2020-09-11,7001,7010,2.244,2.124,1.963,2.447,2.953,7001
2020-09-18,7202,7995,2.216,2.085,1.931,2.43,2.95,7202
2020-09-25,7073,8652,2.192,2.091,1.911,2.416,2.931,7073
2020-10-02,7889,7899,2.186,2.116,1.91,2.398,2.914,7889
2020-10-09,7321,7525,2.208,2.106,1.901,2.376,2.903,7321
2020-10-16,6968,8028,2.209,2.089,1.914,2.367,2.895,6968
2020-10-23,7966,8082,2.196,2.057,1.905,2.359,2.887,7966
2020-10-30,6767,7568,2.173,2.069,1.908,2.34,2.882,6767
2020-11-06,7386,7566,2.149,2.026,1.862,2.32,2.869,7386
